"Year","Tournament","Winner","Runnerup","Score","gender"
2021,"Australian Open","Novak Djokovic","Daniil Medvedev","7–5, 6–2, 6–2","M"
2020,"French Open","Rafael Nadal","Novak Djokovic","6–0, 6–2, 7–5","M"
2020,"US Open","Dominic Thiem","Alexander Zverev","2–6, 4–6, 6–4, 6–3, 7–6(8–6)","M"
2020,"Australian Open","Novak Djokovic","Dominic Thiem","6–4, 4–6, 2–6, 6–3, 6–4","M"
2019,"US Open","Rafael Nadal","Daniil Medvedev","7–5, 6–3, 5–7, 4–6, 6–4","M"
2019,"Wimbledon","Novak Djokovic","Roger Federer","7–6(7–5), 1–6, 7–6(7–4), 4–6, 13–12(7–3)","M"
2019,"French Open","Rafael Nadal","Dominic Thiem","6–3, 5–7, 6–1, 6–1","M"
2019,"Australian Open","Novak Djokovic","Rafael Nadal","6–3, 6–2, 6–3","M"
2018,"US Open","Novak Djokovic","Juan Martín del Potro","6–3, 7–6(7–5), 6–4","M"
2018,"Wimbledon","Novak Djokovic","Kevin Anderson","6–2, 6–2, 7–6(7–3)","M"
2018,"French Open","Rafael Nadal","Dominic Thiem","6–4, 6–3, 6–2","M"
2018,"Australian Open","Roger Federer","Marin Čilić","6–2, 6–7(4–7), 6–3, 3–6, 6–1","M"
2017,"US Open","Rafael Nadal","Kevin Anderson","6–3, 6–3, 6–4","M"
2017,"Wimbledon","Roger Federer","Marin Čilić","6–3, 6–1, 6–4","M"
2017,"French Open","Rafael Nadal","Stan Wawrinka","6–2, 6–3, 6–1","M"
2017,"Australian Open","Roger Federer","Rafael Nadal","6–4, 3–6, 6–1, 3–6, 6–3","M"
2016,"US Open","Stan Wawrinka","Novak Djokovic","6–7(1–7), 6–4, 7–5, 6–3","M"
2016,"Wimbledon","Andy Murray","Milos Raonic","6–4, 7–6 (3), 7–6 (2)","M"
2016,"French Open","Novak Djokovic","Andy Murray","3–6, 6–1, 6–2, 6–4","M"
2016,"Australian Open","Novak Djokovic","Andy Murray","6–1, 7–5, 7–6 (3)","M"
2015,"US Open","Novak Djokovic","Roger Federer","6–4, 5–7, 6–4, 6–4","M"
2015,"Wimbledon","Novak Djokovic","Roger Federer","7–6 (1), 6–7 (10), 6–4, 6–3","M"
2015,"French Open","Stan Wawrinka","Novak Djokovic","4–6, 6–4, 6–3, 6–4","M"
2015,"Australian Open","Novak Djokovic","Andy Murray","7–6 (5), 6–7 (4), 6–3, 6–0","M"
2014,"US Open","Marin Čilić","Kei Nishikori","6–3, 6–3, 6–3","M"
2014,"Wimbledon","Novak Djokovic","Roger Federer","6–7 (7), 6–4, 7–6 (4), 5–7, 6–4","M"
2014,"French Open","Rafael Nadal","Novak Djokovic","3–6, 7–5, 6–2, 6–4","M"
2014,"Australian Open","Stan Wawrinka","Rafael Nadal","6–3, 6–2, 3–6, 6–3","M"
2013,"US Open","Rafael Nadal","Novak Djokovic","6–2, 3–6, 6–4, 6–1","M"
2013,"Wimbledon","Andy Murray","Novak Djokovic","6–4, 7–5, 6–4","M"
2013,"French Open","Rafael Nadal","David Ferrer","6–3, 6–2, 6–3","M"
2013,"Australian Open","Novak Djokovic","Andy Murray","6–7 (2), 7–6 (3), 6–3, 6–2","M"
2012,"US Open","Andy Murray","Novak Djokovic","7–6 (10), 7–5, 2–6, 3–6, 6–2","M"
2012,"Wimbledon","Roger Federer","Andy Murray","4–6, 7–5, 6–3, 6–4","M"
2012,"French Open","Rafael Nadal","Novak Djokovic","6–4, 6–3, 2–6, 7–5","M"
2012,"Australian Open","Novak Djokovic","Rafael Nadal","5–7, 6–4, 6–2, 6–7 (5), 7–5","M"
2011,"US Open","Novak Djokovic","Rafael Nadal","6–2, 6–4, 6–7(3–7), 6–1","M"
2011,"Wimbledon","Novak Djokovic","Rafael Nadal","6–4, 6–1, 1–6, 6–3","M"
2011,"French Open","Rafael Nadal","Roger Federer","7–5, 7–6 (3), 5–7, 6–1","M"
2011,"Australian Open","Novak Djokovic","Andy Murray","6–4, 6–2, 6–3","M"
2010,"US Open","Rafael Nadal","Novak Djokovic","6–4, 5–7, 6–4, 6–2","M"
2010,"Wimbledon","Rafael Nadal","Tomáš Berdych","6–3, 7–5, 6–4","M"
2010,"French Open","Rafael Nadal","Robin Söderling","6–4, 6–2, 6–4","M"
2010,"Australian Open","Roger Federer","Andy Murray","6–3, 6–4, 7–6 (11)","M"
2009,"US Open","Juan Martín del Potro","Roger Federer","3–6, 7–6 (5), 4–6, 7–6 (4), 6–2","M"
2009,"Wimbledon","Roger Federer","Andy Roddick","5–7, 7–6 (6), 7–6 (5), 3–6, 16–14","M"
2009,"French Open","Roger Federer","Robin Söderling","6–1, 7–6 (1), 6–4","M"
2009,"Australian Open","Rafael Nadal","Roger Federer","7–5, 3–6, 7–6 (3), 3–6, 6–2","M"
2008,"US Open","Roger Federer","Andy Murray","6–2, 7–5, 6–2","M"
2008,"Wimbledon","Rafael Nadal","Roger Federer","6–4, 6–4, 6–7 (5), 6–7 (8), 9–7","M"
2008,"French Open","Rafael Nadal","Roger Federer","6–1, 6–3, 6–0","M"
2008,"Australian Open","Novak Djokovic","Jo-Wilfried Tsonga","4–6, 6–4, 6–3, 7–6 (2)","M"
2007,"US Open","Roger Federer","Novak Djokovic","7–6(4), 7–6(2), 6–4","M"
2007,"Wimbledon","Roger Federer","Rafael Nadal","7–6 (7), 4–6, 7–6 (3), 2–6, 6–2","M"
2007,"French Open","Rafael Nadal","Roger Federer","6–3, 4–6, 6–3, 6–4","M"
2007,"Australian Open","Roger Federer","Fernando González","7–6 (2), 6–4, 6–4","M"
2006,"US Open","Roger Federer","Andy Roddick","6–2, 4–6, 7–5, 6–1","M"
2006,"Wimbledon","Roger Federer","Rafael Nadal","6–0, 7–6 (5), 6–7 (2), 6–3","M"
2006,"French Open","Rafael Nadal","Roger Federer","1–6, 6–1, 6–4, 7–6 (4)","M"
2006,"Australian Open","Roger Federer","Marcos Baghdatis","5–7, 7–5, 6–0, 6–2","M"
2005,"US Open","Roger Federer","Andre Agassi","6–3, 2–6, 7–6(1), 6–1","M"
2005,"Wimbledon","Roger Federer","Andy Roddick","6–2, 7–6 (2), 6–4","M"
2005,"French Open","Rafael Nadal","Mariano Puerta","6–7 (6), 6–3, 6–1, 7–5","M"
2005,"Australian Open","Marat Safin","Lleyton Hewitt","1–6, 6–3, 6–4, 6–4","M"
2004,"US Open","Roger Federer","Lleyton Hewitt","6–0, 7–6(7–3), 6–0","M"
2004,"Wimbledon","Roger Federer","Andy Roddick","4–6, 7–5, 7–6 (3), 6–4","M"
2004,"French Open","Gastón Gaudio","Guillermo Coria","0–6, 3–6, 6–4, 6–1, 8–6","M"
2004,"Australian Open","Roger Federer","Marat Safin","7–6 (3), 6–4, 6–2","M"
2003,"US Open","Andy Roddick","Juan Carlos Ferrero","6–3, 7–6(7–2), 6–3","M"
2003,"Wimbledon","Roger Federer","Mark Philippoussis","7–6 (5), 6–2, 7–6 (3)","M"
2003,"French Open","Juan Carlos Ferrero","Martin Verkerk","6–1, 6–3, 6–2","M"
2003,"Australian Open","Andre Agassi","Rainer Schüttler","6–2, 6–2, 6–1","M"
2002,"US Open","Pete Sampras","Andre Agassi","6–3, 6–4, 5–7, 6–4","M"
2002,"Wimbledon","Lleyton Hewitt","David Nalbandian","6–1, 6–3, 6–2","M"
2002,"French Open","Albert Costa","Juan Carlos Ferrero","6–1, 6–0, 4–6, 6–3","M"
2002,"Australian Open","Thomas Johansson","Marat Safin","3–6, 6–4, 6–4, 7–6 (4)","M"
2001,"US Open","Lleyton Hewitt","Pete Sampras","7–6(7–4), 6–1, 6–1","M"
2001,"Wimbledon","Goran Ivanišević","Patrick Rafter","6–3, 3–6, 6–3, 2–6, 9–7","M"
2001,"French Open","Gustavo Kuerten","Àlex Corretja","6–7 (3), 7–5, 6–2, 6–0","M"
2001,"Australian Open","Andre Agassi","Arnaud Clément","6–4, 6–2, 6–2","M"
2000,"US Open","Marat Safin","Pete Sampras","6–4, 6–3, 6–3","M"
2000,"Wimbledon","Pete Sampras","Patrick Rafter","6–7 (10), 7–6 (5), 6–4, 6–2","M"
2000,"French Open","Gustavo Kuerten","Magnus Norman","6–2, 6–3, 2–6, 7–6 (6)","M"
2000,"Australian Open","Andre Agassi","Yevgeny Kafelnikov","3–6, 6–3, 6–2, 6–4","M"
1999,"US Open","Andre Agassi","Todd Martin","6–4, 6–7(5–7), 6–7(2–7), 6–3, 6–2","M"
1999,"Wimbledon","Pete Sampras","Andre Agassi","6–3, 6–4, 7–5","M"
1999,"French Open","Andre Agassi","Andriy Medvedev","1–6, 2–6, 6–4, 6–3, 6–4","M"
1999,"Australian Open","Yevgeny Kafelnikov","Thomas Enqvist","4–6, 6–0, 6–3, 7–6 (1)","M"
1998,"US Open","Patrick Rafter","Mark Philippoussis","6–3, 3–6, 6–2, 6–0","M"
1998,"Wimbledon","Pete Sampras","Goran Ivanišević","6–7 (2), 7–6 (9), 6–4, 3–6, 6–2","M"
1998,"French Open","Carlos Moyá","Àlex Corretja","6–3, 7–5, 6–3","M"
1998,"Australian Open","Petr Korda","Marcelo Ríos","6–2, 6–2, 6–2","M"
1997,"US Open","Patrick Rafter","Greg Rusedski","6–3, 6–2, 4–6, 7–5","M"
1997,"Wimbledon","Pete Sampras","Cédric Pioline","6–4, 6–2, 6–4","M"
1997,"French Open","Gustavo Kuerten","Sergi Bruguera","6–3, 6–4, 6–2","M"
1997,"Australian Open","Pete Sampras","Carlos Moyá","6–2, 6–3, 6–3","M"
1996,"US Open","Pete Sampras","Michael Chang","6–1, 6–4, 7–6(7–3)","M"
1996,"Wimbledon","Richard Krajicek","MaliVai Washington","6–3, 6–4, 6–3","M"
1996,"French Open","Yevgeny Kafelnikov","Michael Stich","7–6 (4), 7–5, 7–6 (4)","M"
1996,"Australian Open","Boris Becker","Michael Chang","6–2, 6–4, 2–6, 6–2","M"
1995,"US Open","Pete Sampras","Andre Agassi","6–4, 6–3, 4–6, 7–5","M"
1995,"Wimbledon","Pete Sampras","Boris Becker","6–7 (5), 6–2, 6–4, 6–2","M"
1995,"French Open","Thomas Muster","Michael Chang","7–5, 6–2, 6–4","M"
1995,"Australian Open","Andre Agassi","Pete Sampras","4–6, 6–1, 7–6 (6), 6–4","M"
1994,"US Open","Andre Agassi","Michael Stich","6–1, 7–6 (5), 7–5","M"
1994,"Wimbledon","Pete Sampras","Goran Ivanišević","7–6 (2), 7–6 (5), 6–0","M"
1994,"French Open","Sergi Bruguera","Alberto Berasategui","6–3, 7–5, 2–6, 6–1","M"
1994,"Australian Open","Pete Sampras","Todd Martin","7–6 (4), 6–4, 6–4","M"
1993,"US Open","Pete Sampras","Cédric Pioline","6–4, 6–4, 6–3","M"
1993,"Wimbledon","Pete Sampras","Jim Courier","7–6 (3), 7–6 (6), 3–6, 6–3","M"
1993,"French Open","Sergi Bruguera","Jim Courier","6–4, 2–6, 6–2, 3–6, 6–3","M"
1993,"Australian Open","Jim Courier","Stefan Edberg","6–2, 6–1, 2–6, 7–5","M"
1992,"US Open","Stefan Edberg","Pete Sampras","3–6, 6–4, 7–6 (5), 6–2","M"
1992,"Wimbledon","Andre Agassi","Goran Ivanišević","6–7 (8), 6–4, 6–4, 1–6, 6–4","M"
1992,"French Open","Jim Courier","Petr Korda","7–5, 6–2, 6–1","M"
1992,"Australian Open","Jim Courier","Stefan Edberg","6–3, 3–6, 6–4, 6–2","M"
1991,"US Open","Stefan Edberg","Jim Courier","6–2, 6–4, 6–0","M"
1991,"Wimbledon","Michael Stich","Boris Becker","6–4, 7–6 (4), 6–4","M"
1991,"French Open","Jim Courier","Andre Agassi","3–6, 6–4, 2–6, 6–1, 6–4","M"
1991,"Australian Open","Boris Becker","Ivan Lendl","1–6, 6–4, 6–4, 6–4","M"
1990,"US Open","Pete Sampras","Andre Agassi","6–4, 6–3, 6–2","M"
1990,"Wimbledon","Stefan Edberg","Boris Becker","6–2, 6–2, 3–6, 3–6, 6–4","M"
1990,"French Open","Andrés Gómez","Andre Agassi","6–3, 2–6, 6–4, 6–4","M"
1990,"Australian Open","Ivan Lendl","Stefan Edberg","4–6, 7–6 (3), 5–2 (ret.)","M"
1989,"US Open","Boris Becker","Ivan Lendl","7–6 (2), 1–6, 6–3, 7–6 (4)","M"
1989,"Wimbledon","Boris Becker","Stefan Edberg","6–0, 7–6 (1), 6–4","M"
1989,"French Open","Michael Chang","Stefan Edberg","6–1, 3–6, 4–6, 6–4, 6–2","M"
1989,"Australian Open","Ivan Lendl","Miloslav Mečíř","6–2, 6–2, 6–2","M"
1988,"US Open","Mats Wilander","Ivan Lendl","6–4, 4–6, 6–3, 5–7, 6–4","M"
1988,"Wimbledon","Stefan Edberg","Boris Becker","4–6, 7–6 (2), 6–4, 6–2","M"
1988,"French Open","Mats Wilander","Henri Leconte","7–5, 6–2, 6–1","M"
1988,"Australian Open","Mats Wilander","Pat Cash","6–3, 6–7, 3–6, 6–1, 8–6","M"
1987,"US Open","Ivan Lendl","Mats Wilander","6–7 (7), 6–0, 7–6 (4), 6–4","M"
1987,"Wimbledon","Pat Cash","Ivan Lendl","7–6 (5), 6–2, 7–5","M"
1987,"French Open","Ivan Lendl","Mats Wilander","7–5, 6–2, 3–6, 7–6","M"
1987,"Australian Open","Stefan Edberg","Pat Cash","6–3, 6–4, 3–6, 5–7, 6–3","M"
1986,"US Open","Ivan Lendl","Miloslav Mečíř","6–4, 6–2, 6–0","M"
1986,"Wimbledon","Boris Becker","Ivan Lendl","6–4, 6–3, 7–5","M"
1986,"French Open","Ivan Lendl","Mikael Pernfors","6–3, 6–2, 6–4","M"
1985,"Australian Open","Stefan Edberg","Mats Wilander","6–4, 6–3, 6–3","M"
1985,"US Open","Ivan Lendl","John McEnroe","7–6 (1), 6–3, 6–4","M"
1985,"Wimbledon","Boris Becker","Kevin Curren","6–3, 6–7 (4), 7–6 (3), 6–4","M"
1985,"French Open","Mats Wilander","Ivan Lendl","3–6, 6–4, 6–2, 6–2","M"
1984,"Australian Open","Mats Wilander","Kevin Curren","6–7 (5), 6–4, 7–6 (3), 6–2","M"
1984,"US Open","John McEnroe","Ivan Lendl","6–3, 6–4, 6–1","M"
1984,"Wimbledon","John McEnroe","Jimmy Connors","6–1, 6–1, 6–2","M"
1984,"French Open","Ivan Lendl","John McEnroe","3–6, 2–6, 6–4, 7–5, 7–5","M"
1983,"Australian Open","Mats Wilander","Ivan Lendl","6–1, 6–4, 6–4","M"
1983,"US Open","Jimmy Connors","Ivan Lendl","6–3, 6–7 (2), 7–5, 6–0","M"
1983,"Wimbledon","John McEnroe","Chris Lewis","6–2, 6–2, 6–2","M"
1983,"French Open","Yannick Noah","Mats Wilander","6–2, 7–5, 7–6 (3)","M"
1982,"Australian Open","Johan Kriek","Steve Denton","6–3, 6–3, 6–2","M"
1982,"US Open","Jimmy Connors","Ivan Lendl","6–3, 6–2, 4–6, 6–4","M"
1982,"Wimbledon","Jimmy Connors","John McEnroe","3–6, 6–3, 6–7 (2), 7–6 (5), 6–4","M"
1982,"French Open","Mats Wilander","Guillermo Vilas","1–6, 7–6, 6–0, 6–4","M"
1981,"Australian Open","Johan Kriek","Steve Denton","6–2, 7–6 (1), 6–7 (1), 6–4","M"
1981,"US Open","John McEnroe","Björn Borg","4–6, 6–2, 6–4, 6–3","M"
1981,"Wimbledon","John McEnroe","Björn Borg","4–6, 7–6 (1), 7–6 (4), 6–4","M"
1981,"French Open","Björn Borg","Ivan Lendl","6–1, 4–6, 6–2, 3–6, 6–1","M"
1980,"Australian Open","Brian Teacher","Kim Warwick","7–5, 7–6, 6–2","M"
1980,"US Open","John McEnroe","Björn Borg","7–6 (4), 6–1, 6–7 (5), 5–7, 6–4","M"
1980,"Wimbledon","Björn Borg","John McEnroe","1–6, 7–5, 6–3, 6–7 (16), 8–6","M"
1980,"French Open","Björn Borg","Vitas Gerulaitis","6–4, 6–1, 6–2","M"
1979,"Australian Open","Guillermo Vilas","John Sadri","7–6, 6–3, 6–2","M"
1979,"US Open","John McEnroe","Vitas Gerulaitis","7–5, 6–3, 6–3","M"
1979,"Wimbledon","Björn Borg","Roscoe Tanner","6–7 (4), 6–1, 3–6, 6–3, 6–4","M"
1979,"French Open","Björn Borg","Víctor Pecci","6–3, 6–1, 6–7 (6), 6–4","M"
1978,"Australian Open","Guillermo Vilas","John Marks","6–4, 6–4, 3–6, 6–3","M"
1978,"US Open","Jimmy Connors","Björn Borg","6–4, 6–2, 6–2","M"
1978,"Wimbledon","Björn Borg","Jimmy Connors","6–2, 6–2, 6–3","M"
1978,"French Open","Björn Borg","Guillermo Vilas","6–1, 6–1, 6–3","M"
1978,"Australian Open","Vitas Gerulaitis","John Lloyd","6–3, 7–6, 5–7, 3–6, 6–2","M"
1977,"US Open","Guillermo Vilas","Jimmy Connors","2–6, 6–3, 7–6 (4), 6–0","M"
1977,"Wimbledon","Björn Borg","Jimmy Connors","3–6, 6–2, 6–1, 5–7, 6–4","M"
1977,"French Open","Guillermo Vilas","Brian Gottfried","6–0, 6–3, 6–0","M"
1978,"Australian Open","Roscoe Tanner","Guillermo Vilas","6–3, 6–3, 6–3","M"
1976,"US Open","Jimmy Connors","Björn Borg","6–4, 3–6, 7–6 (9), 6–4","M"
1976,"Wimbledon","Björn Borg","Ilie Năstase","6–4, 6–2, 9–7","M"
1976,"French Open","Adriano Panatta","Harold Solomon","6–1, 6–4, 4–6, 7–6","M"
1976,"Australian Open","Mark Edmondson","John Newcombe","6–7, 6–3, 7–6, 6–1","M"
1975,"US Open","Manuel Orantes","Jimmy Connors","6–4, 6–3, 6–4","M"
1975,"Wimbledon","Arthur Ashe","Jimmy Connors","6–1, 6–1, 5–7, 6–4","M"
1975,"French Open","Björn Borg","Guillermo Vilas","6–2, 6–3, 6–4","M"
1975,"Australian Open","John Newcombe","Jimmy Connors","7–5, 3–6, 6–4, 7–6","M"
1974,"US Open","Jimmy Connors","Ken Rosewall","6–1, 6–0, 6–1","M"
1974,"Wimbledon","Jimmy Connors","Ken Rosewall","6–1, 6–1, 6–4","M"
1974,"French Open","Björn Borg","Manuel Orantes","2–6, 6–7 (1), 6–0, 6–1, 6–1","M"
1974,"Australian Open","Jimmy Connors","Phil Dent","7–6, 6–4, 4–6, 6–3","M"
1973,"US Open","John Newcombe","Jan Kodeš","6–4, 1–6, 4–6, 6–2, 6–3","M"
1973,"Wimbledon","Jan Kodeš","Alex Metreveli","6–1, 9–8 (5), 6–3","M"
1973,"French Open","Ilie Năstase","Nikola Pilić","6–3, 6–3, 6–0","M"
1973,"Australian Open","John Newcombe","Onny Parun","6–3, 6–7, 7–5, 6–1","M"
1972,"US Open","Ilie Năstase","Arthur Ashe","3–6, 6–3, 6–7 (1–5), 6–4, 6–3","M"
1972,"Wimbledon","Stan Smith","Ilie Năstase","4–6, 6–3, 6–3, 4–6, 7–5","M"
1972,"French Open","Andrés Gimeno","Patrick Proisy","4–6, 6–3, 6–1, 6–1","M"
1972,"Australian Open","Ken Rosewall","Mal Anderson","7–6, 6–3, 7–5","M"
1971,"US Open","Stan Smith","Jan Kodeš","3–6, 6–3, 6–2, 7–6","M"
1971,"Wimbledon","John Newcombe","Stan Smith","6–3, 5–7, 2–6, 6–4, 6–4","M"
1971,"French Open","Jan Kodeš","Ilie Năstase","8–6, 6–2, 2–6, 7–5","M"
1971,"Australian Open","Ken Rosewall","Arthur Ashe","6–1, 7–5, 6–3","M"
1970,"US Open","Ken Rosewall","Tony Roche","2–6, 6–4, 7–6 (5–2), 6–3","M"
1970,"Wimbledon","John Newcombe","Ken Rosewall","5–7, 6–3, 6–2, 3–6, 6–1","M"
1970,"French Open","Jan Kodeš","Željko Franulović","6–2, 6–4, 6–0","M"
1970,"Australian Open","Arthur Ashe","Dick Crealy","6–4, 9–7, 6–2","M"
1969,"US Open","Rod Laver","Tony Roche","7–9, 6–1, 6–2, 6–2","M"
1969,"Wimbledon","Rod Laver","John Newcombe","6–4, 5–7, 6–4, 6–4","M"
1969,"French Open","Rod Laver","Ken Rosewall","6–4, 6–3, 6–4","M"
1969,"Australian Open","Rod Laver","Andrés Gimeno","6–3, 6–4, 7–5","M"
1968,"US Open","Arthur Ashe","Tom Okker","14–12, 5–7, 6–3, 3–6, 6–3","M"
1968,"Wimbledon","Rod Laver","Tony Roche","6–3, 6–4, 6–2","M"
1968,"French Open","Ken Rosewall","Rod Laver","6–3, 6–1, 2–6, 6–2","M"
2021,"Australian Open","Naomi Osaka","Jennifer Brady","6–4, 6–3","F"
2020,"French Open","Iga Świątek","Sofia Kenin","6–4, 6–1","F"
2020,"US Open","Naomi Osaka","Victoria Azarenka","1–6, 6–3, 6–3","F"
2020,"Australian Open","Sofia Kenin","Garbiñe Muguruza","4–6, 6–2, 6–2","F"
2019,"US Open","Bianca Andreescu","Serena Williams","6–3, 7–5","F"
2019,"Wimbledon","Simona Halep","Serena Williams","6–2, 6–2","F"
2019,"French Open","Ashleigh Barty","Markéta Vondroušová","6–1, 6–3","F"
2019,"Australian Open","Naomi Osaka","Petra Kvitová","7–6(2), 5–7, 6–4","F"
2018,"US Open","Naomi Osaka","Serena Williams","6–2, 6–4","F"
2018,"Wimbledon","Angelique Kerber","Serena Williams","6–3, 6–3","F"
2018,"French Open","Simona Halep","Sloane Stephens","3–6, 6–4, 6–1","F"
2018,"Australian Open","Caroline Wozniacki","Simona Halep","7–6(2), 3–6, 6–4","F"
2017,"US Open","Sloane Stephens","Madison Keys","6–3, 6–0","F"
2017,"Wimbledon","Garbiñe Muguruza","Venus Williams","7–5, 6–0","F"
2017,"French Open","Jeļena Ostapenko","Simona Halep","4–6, 6–4, 6–3","F"
2017,"Australian Open","Serena Williams","Venus Williams","6–4, 6–4","F"
2016,"US Open","Angelique Kerber","Karolína Plíšková","6–3, 4–6, 6–4","F"
2016,"Wimbledon","Serena Williams","Angelique Kerber","7–5, 6–3","F"
2016,"French Open","Garbiñe Muguruza","Serena Williams","7–5, 6–4","F"
2016,"Australian Open","Angelique Kerber","Serena Williams","6–4, 3–6, 6–4","F"
2015,"US Open","Flavia Pennetta","Roberta Vinci","7–6(4), 6–2","F"
2015,"Wimbledon","Serena Williams","Garbiñe Muguruza","6–4, 6–4","F"
2015,"French Open","Serena Williams","Lucie Šafářová","6–3, 6–7(2), 6–2","F"
2015,"Australian Open","Serena Williams","Maria Sharapova","6–3, 7–6(5)","F"
2014,"US Open","Serena Williams","Caroline Wozniacki","6–3, 6–3","F"
2014,"Wimbledon","Petra Kvitová","Eugenie Bouchard","6–3, 6–0","F"
2014,"French Open","Maria Sharapova","Simona Halep","6–4, 6–7(5), 6–4","F"
2014,"Australian Open","Li Na","Dominika Cibulková","7–6(3), 6–0","F"
2013,"US Open","Serena Williams","Victoria Azarenka","7–5, 6–7(6), 6–1","F"
2013,"Wimbledon","Marion Bartoli","Sabine Lisicki","6–1, 6–4","F"
2013,"French Open","Serena Williams","Maria Sharapova","6–4, 6–4","F"
2013,"Australian Open","Victoria Azarenka","Li Na","4–6, 6–4, 6–3","F"
2012,"US Open","Serena Williams","Victoria Azarenka","6–2, 2–6, 7–5","F"
2012,"Wimbledon","Serena Williams","Agnieszka Radwańska","6–1, 5–7, 6–2","F"
2012,"French Open","Maria Sharapova","Sara Errani","6–3, 6–2","F"
2012,"Australian Open","Victoria Azarenka","Maria Sharapova","6–3, 6–0","F"
2011,"US Open","Samantha Stosur","Serena Williams","6–2, 6–3","F"
2011,"Wimbledon","Petra Kvitová","Maria Sharapova","6–3, 6–4","F"
2011,"French Open","Li Na","Francesca Schiavone","6–4, 7–6(0)","F"
2011,"Australian Open","Kim Clijsters","Li Na","3–6, 6–3, 6–3","F"
2010,"US Open","Kim Clijsters","Vera Zvonareva","6–2, 6–1","F"
2010,"Wimbledon","Serena Williams","Vera Zvonareva","6–3, 6–2","F"
2010,"French Open","Francesca Schiavone","Samantha Stosur","6–4, 7–6(2)","F"
2010,"Australian Open","Serena Williams","Justine Henin","6–4, 3–6, 6–2","F"
2009,"US Open","Kim Clijsters","Caroline Wozniacki","7–5, 6–3","F"
2009,"Wimbledon","Serena Williams","Venus Williams","7–6(3), 6–2","F"
2009,"French Open","Svetlana Kuznetsova","Dinara Safina","6–4, 6–2","F"
2009,"Australian Open","Serena Williams","Dinara Safina","6–0, 6–3","F"
2008,"US Open","Serena Williams","Jelena Janković","6–4, 7–5","F"
2008,"Wimbledon","Venus Williams","Serena Williams","7–5, 6–4","F"
2008,"French Open","Ana Ivanovic","Dinara Safina","6–4, 6–3","F"
2008,"Australian Open","Maria Sharapova","Ana Ivanovic","7–5, 6–3","F"
2007,"US Open","Justine Henin","Svetlana Kuznetsova","6–1, 6–3","F"
2007,"Wimbledon","Venus Williams","Marion Bartoli","6–4, 6–1","F"
2007,"French Open","Justine Henin","Ana Ivanovic","6–1, 6–2","F"
2007,"Australian Open","Serena Williams","Maria Sharapova","6–1, 6–2","F"
2006,"US Open","Maria Sharapova","Justine Henin","6–4, 6–4","F"
2006,"Wimbledon","Amélie Mauresmo","Justine Henin","2–6, 6–3, 6–4","F"
2006,"French Open","Justine Henin","Svetlana Kuznetsova","6–4, 6–4","F"
2006,"Australian Open","Amélie Mauresmo","Justine Henin","6–1, 2–0 (ret.)","F"
2005,"US Open","Kim Clijsters","Mary Pierce","6–3, 6–1","F"
2005,"Wimbledon","Venus Williams","Lindsay Davenport","4–6, 7–6(4), 9–7","F"
2005,"French Open","Justine Henin","Mary Pierce","6–1, 6–1","F"
2005,"Australian Open","Serena Williams","Lindsay Davenport","2–6, 6–3, 6–0","F"
2004,"US Open","Svetlana Kuznetsova","Elena Dementieva","6–3, 7–5","F"
2004,"Wimbledon","Maria Sharapova","Serena Williams","6–1, 6-4","F"
2004,"French Open","Anastasia Myskina","Elena Dementieva","6–1, 6–2","F"
2004,"Australian Open","Justine Henin","Kim Clijsters","6–3, 4–6, 6–3","F"
2003,"US Open","Justine Henin","Kim Clijsters","7–5, 6–1","F"
2003,"Wimbledon","Serena Williams","Venus Williams","4–6, 6–4, 6–2","F"
2003,"French Open","Justine Henin","Kim Clijsters","6–0, 6–4","F"
2003,"Australian Open","Serena Williams","Venus Williams","7–6(4), 3–6, 6–4","F"
2002,"US Open","Serena Williams","Venus Williams","6–4, 6–3","F"
2002,"Wimbledon","Serena Williams","Venus Williams","7–6(4), 6–3","F"
2002,"French Open","Serena Williams","Venus Williams","7–5, 6–3","F"
2002,"Australian Open","Jennifer Capriati","Martina Hingis","4–6, 7–6(7), 6–2","F"
2001,"US Open","Venus Williams","Serena Williams","6–2, 6–4","F"
2001,"Wimbledon","Venus Williams","Justine Henin","6–1, 3–6, 6–0","F"
2001,"French Open","Jennifer Capriati","Kim Clijsters","1–6, 6–4, 12–10","F"
2001,"Australian Open","Jennifer Capriati","Martina Hingis","6–4, 6–3","F"
2000,"US Open","Venus Williams","Lindsay Davenport","6–4, 7–5","F"
2000,"Wimbledon","Venus Williams","Lindsay Davenport","6–3, 7–6(3)","F"
2000,"French Open","Mary Pierce","Conchita Martínez","6–2, 7–5","F"
2000,"Australian Open","Lindsay Davenport","Martina Hingis","6–1, 7–5","F"
1999,"US Open","Serena Williams","Martina Hingis","6–3, 7–6(4)","F"
1999,"Wimbledon","Lindsay Davenport","Steffi Graf","6–4, 7–5","F"
1999,"French Open","Steffi Graf","Martina Hingis","4–6, 7–5, 6–2","F"
1999,"Australian Open","Martina Hingis","Amélie Mauresmo","6–2, 6–3","F"
1998,"US Open","Lindsay Davenport","Martina Hingis","6–3, 7–5","F"
1998,"Wimbledon","Jana Novotná","Nathalie Tauziat","6–4, 7–6(2)","F"
1998,"French Open","Arantxa Sánchez Vicario","Monica Seles","7–6(5), 0–6, 6–2","F"
1998,"Australian Open","Martina Hingis","Conchita Martínez","6–3, 6–3","F"
1997,"US Open","Martina Hingis","Venus Williams","6–0, 6–4","F"
1997,"Wimbledon","Martina Hingis","Jana Novotná","2–6, 6–3, 6–3","F"
1997,"French Open","Iva Majoli","Martina Hingis","6–4, 6–2","F"
1997,"Australian Open","Martina Hingis","Mary Pierce","6–2, 6–2","F"
1996,"US Open","Steffi Graf","Monica Seles","7–5, 6–4","F"
1996,"Wimbledon","Steffi Graf","Arantxa Sánchez Vicario","6–3, 7–5","F"
1996,"French Open","Steffi Graf","Arantxa Sánchez Vicario","6–3, 6–7(4), 10–8","F"
1996,"Australian Open","Monica Seles","Anke Huber","6–4, 6–1","F"
1995,"US Open","Steffi Graf","Monica Seles","7–6(6), 0–6, 6–3","F"
1995,"Wimbledon","Steffi Graf","Arantxa Sánchez Vicario","4–6, 6–1, 7–5","F"
1995,"French Open","Steffi Graf","Arantxa Sánchez Vicario","7–5, 4–6, 6–0","F"
1995,"Australian Open","Mary Pierce","Arantxa Sánchez Vicario","6–3, 6–2","F"
1994,"US Open","Arantxa Sánchez Vicario","Steffi Graf","1–6, 7–6(3), 6–4","F"
1994,"Wimbledon","Conchita Martínez","Martina Navratilova","6–4, 3–6, 6–3","F"
1994,"French Open","Arantxa Sánchez Vicario","Mary Pierce","6–4, 6–4","F"
1994,"Australian Open","Steffi Graf","Arantxa Sánchez Vicario","6–0, 6–2","F"
1993,"US Open","Steffi Graf","Helena Suková","6–3, 6–3","F"
1993,"Wimbledon","Steffi Graf","Jana Novotná","7–6(6), 1–6, 6–4","F"
1993,"French Open","Steffi Graf","Mary Joe Fernández","4–6, 6–2, 6–4","F"
1993,"Australian Open","Monica Seles","Steffi Graf","4–6, 6–3, 6–2","F"
1992,"US Open","Monica Seles","Arantxa Sánchez Vicario","6–3, 6–3","F"
1992,"Wimbledon","Steffi Graf","Monica Seles","6–2, 6–1","F"
1992,"French Open","Monica Seles","Steffi Graf","6–2, 3–6, 10–8","F"
1992,"Australian Open","Monica Seles","Mary Joe Fernández","6–2, 6–3","F"
1991,"US Open","Monica Seles","Martina Navratilova","7–6(1), 6–1","F"
1991,"Wimbledon","Steffi Graf","Gabriela Sabatini","6–4, 3–6, 8–6","F"
1991,"French Open","Monica Seles","Arantxa Sánchez Vicario","6–3, 6–4","F"
1991,"Australian Open","Monica Seles","Jana Novotná","5–7, 6–3, 6–1","F"
1990,"US Open","Gabriela Sabatini","Steffi Graf","6–2, 7–6(4)","F"
1990,"Wimbledon","Martina Navratilova","Zina Garrison","6–4, 6–1","F"
1990,"French Open","Monica Seles","Steffi Graf","7–6(6), 6–4","F"
1990,"Australian Open","Steffi Graf","Mary Joe Fernández","6–3, 6–4","F"
1989,"US Open","Steffi Graf","Martina Navratilova","3–6, 7–5, 6–1","F"
1989,"Wimbledon","Steffi Graf","Martina Navratilova","6–2, 6–7(1), 6–1","F"
1989,"French Open","Arantxa Sánchez Vicario","Steffi Graf","7–6(6), 3–6, 7–5","F"
1989,"Australian Open","Steffi Graf","Helena Suková","6–4, 6–4","F"
1988,"US Open","Steffi Graf","Gabriela Sabatini","6–3, 3–6, 6–1","F"
1988,"Wimbledon","Steffi Graf","Martina Navratilova","5–7, 6–2, 6–1","F"
1988,"French Open","Steffi Graf","Natasha Zvereva","6–0, 6–0","F"
1988,"Australian Open","Steffi Graf","Chris Evert","6–1, 7–6(3)","F"
1987,"US Open","Martina Navratilova","Steffi Graf","7–6(4), 6–1","F"
1987,"Wimbledon","Martina Navratilova","Steffi Graf","7–5, 6–3","F"
1987,"French Open","Steffi Graf","Martina Navratilova","6–4, 4–6, 8–6","F"
1987,"Australian Open","Hana Mandlíková","Martina Navratilova","7–5, 7–6(1)","F"
1986,"US Open","Martina Navratilova","Helena Suková","6–3, 6–2","F"
1986,"Wimbledon","Martina Navratilova","Hana Mandlíková","7–6(1), 6–3","F"
1986,"French Open","Chris Evert","Martina Navratilova","2–6, 6–3, 6–3","F"
1985,"Australian Open","Martina Navratilova","Chris Evert","6–2, 4–6, 6–2","F"
1985,"US Open","Hana Mandlíková","Martina Navratilova","7–6(3), 1–6, 7–6(2)","F"
1985,"Wimbledon","Martina Navratilova","Chris Evert","4–6, 6–3, 6–2","F"
1985,"French Open","Chris Evert","Martina Navratilova","6–3, 6–7(4), 7–5","F"
1984,"Australian Open","Chris Evert","Helena Suková","6–7(4), 6–1, 6–3","F"
1984,"US Open","Martina Navratilova","Chris Evert","4–6, 6–4, 6–4","F"
1984,"Wimbledon","Martina Navratilova","Chris Evert","7–6(5), 6–2","F"
1984,"French Open","Martina Navratilova","Chris Evert","6–3, 6–1","F"
1983,"Australian Open","Martina Navratilova","Kathy Jordan","6–2, 7–6(5)","F"
1983,"US Open","Martina Navratilova","Chris Evert","6–1, 6–3","F"
1983,"Wimbledon","Martina Navratilova","Andrea Jaeger","6–0, 6–3","F"
1983,"French Open","Chris Evert","Mima Jaušovec","6–1, 6–2","F"
1982,"Australian Open","Chris Evert","Martina Navratilova","6–3, 2–6, 6–3","F"
1982,"US Open","Chris Evert","Hana Mandlíková","6–3, 6–1","F"
1982,"Wimbledon","Martina Navratilova","Chris Evert","6–1, 3–6, 6–2","F"
1982,"French Open","Martina Navratilova","Andrea Jaeger","7–6(6), 6–1","F"
1981,"Australian Open","Martina Navratilova","Chris Evert","6–7(4), 6–4, 7–5","F"
1981,"US Open","Tracy Austin","Martina Navratilova","1–6, 7–6(4), 7–6(1)","F"
1981,"Wimbledon","Chris Evert","Hana Mandlíková","6–2, 6–2","F"
1981,"French Open","Hana Mandlíková","Sylvia Hanika","6–2, 6–4","F"
1980,"Australian Open","Hana Mandlíková","Wendy Turnbull","6–0, 7–5","F"
1980,"US Open","Chris Evert","Hana Mandlíková","5–7, 6–1, 6–1","F"
1980,"Wimbledon","Evonne Goolagong Cawley","Chris Evert","6–1, 7–6","F"
1980,"French Open","Chris Evert","Virginia Ruzici","6–0, 6–3","F"
1979,"Australian Open","Barbara Jordan","Sharon Walsh","6–3, 6–3","F"
1979,"US Open","Tracy Austin","Chris Evert","6–4, 6–3","F"
1979,"Wimbledon","Martina Navratilova","Chris Evert","6–4, 6–4","F"
1979,"French Open","Chris Evert","Wendy Turnbull","6–2, 6–0","F"
1978,"Australian Open","Chris O'Neil","Betsy Nagelsen","6–3, 7–6(3)","F"
1978,"US Open","Chris Evert","Pam Shriver","7–5, 6–4","F"
1978,"Wimbledon","Martina Navratilova","Chris Evert","2–6, 6–4, 7–5","F"
1978,"French Open","Virginia Ruzici","Mima Jaušovec","6–2, 6–2","F"
1978,"Australian Open","Evonne Goolagong Cawley","Helen Gourlay","6–3, 6–0","F"
1977,"US Open","Chris Evert","Wendy Turnbull","7–6, 6–2","F"
1977,"Wimbledon","Virginia Wade","Betty Stöve","4–6, 6–3, 6–1","F"
1977,"French Open","Mima Jaušovec","Florența Mihai","6–2, 6–7, 6–1","F"
1978,"Australian Open","Kerry Reid","Dianne Fromholtz","7–5, 6–2","F"
1976,"US Open","Chris Evert","Evonne Goolagong Cawley","6–3, 6–0","F"
1976,"Wimbledon","Chris Evert","Evonne Goolagong Cawley","6–3, 4–6, 8–6","F"
1976,"French Open","Sue Barker","Renáta Tomanová","6–2, 0–6, 6–2","F"
1976,"Australian Open","Evonne Goolagong-Cawley","Renáta Tomanová","6–2, 6–2","F"
1975,"US Open","Chris Evert","Evonne Goolagong Cawley","5–7, 6–4, 6–2","F"
1975,"Wimbledon","Billie Jean King","Evonne Goolagong Cawley","6–0, 6–1","F"
1975,"French Open","Chris Evert","Martina Navratilova","2–6, 6–2, 6–1","F"
1975,"Australian Open","Evonne Goolagong Cawley","Martina Navratilova","6–3, 6–2","F"
1974,"US Open","Billie Jean King","Evonne Goolagong Cawley","3–6, 6–3, 7–5","F"
1974,"Wimbledon","Chris Evert","Olga Morozova","6–0, 6–4","F"
1974,"French Open","Chris Evert","Olga Morozova","6–1, 6–2","F"
1974,"Australian Open","Evonne Goolagong Cawley","Chris Evert","7–6(5), 4–6, 6–0","F"
1973,"US Open","Margaret Court","Evonne Goolagong Cawley","7–6, 5–7, 6–2","F"
1973,"Wimbledon","Billie Jean King","Chris Evert","6–0, 7–5","F"
1973,"French Open","Margaret Court","Chris Evert","6–7(5), 7–6(6), 6–4","F"
1973,"Australian Open","Margaret Court","Evonne Goolagong Cawley","6–4, 7–5","F"
1972,"US Open","Billie Jean King","Kerry Melville","6–3, 7–5","F"
1972,"Wimbledon","Billie Jean King","Evonne Goolagong Cawley","6–3, 6–3","F"
1972,"French Open","Billie Jean King","Evonne Goolagong Cawley","6–3, 6–3","F"
1972,"Australian Open","Virginia Wade","Evonne Goolagong Cawley","6–4, 6–4","F"
1971,"US Open","Billie Jean King","Rosemary Casals","6–4, 7–6","F"
1971,"Wimbledon","Evonne Goolagong Cawley","Margaret Court","6–4, 6–1","F"
1971,"French Open","Evonne Goolagong Cawley","Helen Gourlay","6–3, 7-5","F"
1971,"Australian Open","Margaret Court","Evonne Goolagong Cawley","2–6, 7–6(0), 7–5","F"
1970,"US Open","Margaret Court","Rosemary Casals","6–2, 2–6, 6–1","F"
1970,"Wimbledon","Margaret Court","Billie Jean King","14–12, 11–9","F"
1970,"French Open","Margaret Court","Helga Niessen","6–2, 6–4","F"
1970,"Australian Open","Margaret Court","Kerry Melville","6–1, 6–3","F"
1969,"US Open","Margaret Court","Nancy Richey","6–2, 6–2","F"
1969,"Wimbledon","Ann Haydon-Jones","Billie Jean King","3–6, 6–3, 6–2","F"
1969,"French Open","Margaret Court","Ann Jones","6–1, 4–6, 6–3","F"
1969,"Australian Open","Margaret Court","Billie Jean King","6–4, 6–1","F"
1968,"US Open","Virginia Wade","Billie Jean King","6–4, 6–4","F"
1968,"Wimbledon","Billie Jean King","Judy Tegart","9–7, 7–5","F"
1968,"French Open","Nancy Richey","Ann Jones","5–7, 6–4, 6–1","F"
