Name,Full name,Country (sports),Born,Died,Height,Turned pro,Retired,Plays,Residence,Coach,Prize money,Int. Tennis HoF,Native name,Official website,College,Nickname(s),National team,Weight,ITF name,Batting,Bowling,Listed height,Listed weight
"""Chris O'Neil""","""Christine O'Neil ""","""Australia""","""1956-04-19""",,"""1.75m""",1973,,"""Right-handed""","""Australia""",,,,,,,,,,,,,,
"""Chris Evert""","""Christine Marie Evert""","""United States""","""1954-12-21""",,"""1.68 m""",1972,"""September 5, 1989""","""Right-handed (two-handed backhand)""","""Boca Raton, Florida""","""Jimmy EvertDennis Ralston""","""$8,895,195""","""1995 (member page)""",,,,,,,,,,,
"""Helen Angwin""",,"""Australia""",,,,,,,,,,,,,,,,,,,,,
"""Louise Hammond""","""Louise Ellsworth Hammond Raymond""","""United States""","""1886-12-29""","""August 1991(-)(-) Scarsdale, NY, United States""",,,,,,,,,,,,,,,,,,,
"""Florence Sutton""","""Florence E. Sutton""","""United States""","""1883-09-02""","""October 16, 1974(1974-10-16) (aged 91)""",,,,,,,,,,,,,,,,,,,
"""Conchita Martínez""","""Inmaculada Concepción Martínez Bernat""","""Spain""","""1972-04-16""",,"""1.73 m""","""February 1988""","""15 April 2006""","""Right-handed (one-handed backhand)""","""Barcelona, Spain  San Diego, California, U.S.""",,"""$11,527,977""",,,,,,,,,,,,
"""Lorraine Coghlan""",,"""Australia""","""1937-09-23""",,,,,,"""Victoria, Australia""",,,,,,,,,,,,,,
"""Nancye Wynne Bolton""",,"""Australia""","""1916-12-02""","""9 November 2001(2001-11-09) (aged 84)Melbourne, Australia""","""1.78 m""",,,"""Right-handed""",,,,"""2006 (member page)""",,,,,,,,,,,
"""Muriel Robb""","""Muriel Evelyn Robb""","""United Kingdom""","""1878-05-13""","""12 February 1907(1907-02-12) (aged 28)Newcastle upon Tyne, England""",,,,"""Right–handed""",,,,,,,,,,,,,,,
"""Esna Boyd""","""Esna Boyd Robertson""","""Australia""","""1899-09-21""","""13 November 1966(1966-11-13) (aged 67)Scotland""",,,,,,,,,,,,,,,,,,,
"""Aline Terry""","""Aline M. Terry""","""United States""",,,,,,,,,,,,,,,,,,,,,
"""Naomi Osaka""",,"""Japan""","""1997-10-16""",,"""1.80 m""","""September 2013""",,"""Right-handed (two-handed backhand)""","""Beverly Hills, California, U.S.""","""Wim Fissette (2020–)""","""$19,674,032""",,"""大坂 なおみ""","""naomiosaka.com""",,,,,,,,,
"""Maureen Connolly""","""Maureen Catherine Connolly""","""United States""","""1934-09-17""","""June 21, 1969(1969-06-21) (aged 34)Dallas, Texas, U.S.""","""1.65 m""","""Amateur""","""February 1955 (age 20)""","""Right-handed (one-handed backhand)""",,,,"""1968 (member page)""",,"""mcbtennis.org""","""Southern Methodist University(1964–196x)""",,,,,,,,
"""Angela Buxton""",,"""United Kingdom""","""1934-08-16""","""14 August 2020(2020-08-14) (aged 85)Fort Lauderdale, Florida, U.S.[1]""",,,1957,,,,,,,,,,,,,,,,
"""Louise Brough""","""Althea Louise Brough""","""United States""","""1923-03-11""","""February 3, 2014(2014-02-03) (aged 90)Vista, California""","""1.71 m""",,1959,"""Right-handed (one-handed backhand)""",,,,"""1967 (member page)""",,,,,,,,,,,
"""Kay Stammers""","""Katherine Esther Stammers""","""United Kingdom""","""1914-04-03""","""23 December 2005(2005-12-23) (aged 91)Louisville, Kentucky, U.S.""",,,,"""Left-handed""",,,,,,,,,,,,,,,
"""Caroline Wozniacki""",,"""Denmark""","""1990-07-11""",,"""1.77 m""","""18 July 2005""","""24 January 2020""","""Right-handed (two-handed backhand)""","""Fisher Island, United StatesOdense, DenmarkMonte Carlo, MonacoNew York, United States""","""Piotr Woźniacki (2004–2020)""","US$ 35,233,415 5th in all-time rankings",,,"""carolinewozniacki.com""",,,,,,,,,
"""Thelma Coyne""","""Thelma Dorothy Coyne Long""","""Australia""","""1918-10-14""","""13 April 2015(2015-04-13) (aged 96)Sydney, Australia""",,,,"""Right-handed""",,,,"""2013 (member page)""",,,,,,,,,,,
"""Joan Hartigan""","""Joan Marcia Bathurst Hartigan""","""Australia""","""1912-06-06""","""31 August 2000(2000-08-31) (aged 88)Sydney, New South Wales""",,,,,,,,,,,,,,,,,,,
"""Petra Kvitová""",,"""Czech Republic""","""1990-03-08""",,"""1.82 m""",2006,,"""Left-handed (two-handed backhand)""","""Monte Carlo, Monaco""","""David Kotyza (2008–2016) František Čermák (2016) Jiří Vaněk (2016–present)""","$32,802,802 6th in all-time rankings",,,"""petrakvitova.net""",,,,,,,,,
"""Maria Bueno""","""Maria Esther Andion Bueno""","""Brazil""","""1939-10-11""","""8 June 2018(2018-06-08) (aged 78)São Paulo, Brazil""","""1.70 m""",1950,1977,"""Right-handed (one-handed backhand)""",,,,"""1978 (member page)""",,"""www.mariabueno.org""",,,,,,,,,
"""Maud Barger-Wallach""",,"""United States""",,"""April 2, 1954(1954-04-02) (aged 83)Baltimore, Maryland""",,,,"""Right-handed""",,,,"""1958 (member page)""",,,,,,,,,,,
"""Jeļena Ostapenko""",,"""Latvia""","""1997-06-08""",,"""1.77 m""","""23 April 2012""",,"""Right-handed (two-handed backhand)""","""Riga, Latvia""","""Marion Bartoli""","""US$9,074,100""",,,,,,,,,,,,
"""Louise Martin""",,"""Ireland""","""1865-09-03""",,,1885,,,,,,,,,,,,,,,,,
"""Shirley Bloomer""",,"""Great Britain""","""1934-06-13""",,,,,,,,,,,,,,,,,,,,
"""Jennifer Capriati""","""Jennifer Maria Capriati""","""United States""","""1976-03-29""",,"""1.70 m""","""March 5, 1990""",2004,"""Right-handed (two-handed backhand)""","""Wesley Chapel, Florida, U.S.""",,"""US$ 10,206,639""","""2012 (member page)""",,,,,,,,,,,
"""Lesley Turner""","""Lesley Rosemary Turner Bowrey""","""Australia""","""1942-08-16""",,,,,"""Right-handed(one-handed backhand)""",,,,,,,,,,,,,,,
"""Amélie Mauresmo""",,"""France""","""1979-07-05""",,"""1.75 m""",1993,"""3 December 2009""","""Right-handed (one-handed backhand)""","""Geneva, Switzerland""","""Loïc Courteau (2002–2008)Hugo Lecoq (2008–2009)""","US$15,022,476 18th in all-time rankings","""2015 (member page)""",,,,,,,,,,,
"""Dorothy Round""","""Dorothy Edith Round""","""United Kingdom""","""1909-07-13""","""12 November 1982(1982-11-12) (aged 73)Kidderminster, Hereford and Worcester, England""",,,,"""Right-handed (one-handed backhand)""",,,,"""1986 (member page)""",,,,,,,,,,,
"""Patricia Todd""","""Patricia Canning Todd ""","""United States""","""1922-07-22""","""September 5, 2015(2015-09-05) (aged 93)Encinitas, California""",,,,"""Right handed""",,,,,,,,,,,,,,,
"""Marion Zinderstein""","""Marion Hall Zinderstein""","""United States""","""1896-05-06""","""August 14, 1980(1980-08-14) (aged 84)""","""1.63 m""",,,"""Right-handed""",,,,,,,,,,,,,,,
"""Monica Seles""",,"""Yugoslavia (1988–1992) FR Yugoslavia (1992–1994) United States (1994–)""","""1973-12-02""",,"""178 cm""",1989,"""2008 (last match in 2003)""","""Left-handed (two-handed both sides)""","""Sarasota, Florida, United States""",,"""US$14,891,762""","""2009 (member page)""",,,,,,,,,,,
"""Hilde Sperling""",,"""Germany Denmark""","""1908-03-26""","""7 March 1981(1981-03-07) (aged 72)Helsingborg, Sweden""",,,,"""Right-handed""",,,,"""2013 (member page)""",,,,,,,,,,,
"""Laura Knight""",,"""United States""",,,,,,,,,,,,,,,,,,,,,
"""Patricia Ward""",,"""United Kingdom""","""1929-02-27""","""22 June 1985(1985-06-22) (aged 56)""",,,,,,,,,,,,,,,,,,,
"""Billie Jean King""",,"""United States""","""1943-11-22""",,"""1.64 m""","""1959""","""1990""","""Right-handed (one-handed backhand)""",,,,,,,,,,,,,,,
"""Ethel Larcombe""",,"""United Kingdom""","""1879-06-08""","""11 August 1965(1965-08-11) (aged 86)Budleigh Salterton, England""",,,,"""Right handed""",,,,,,,,,,,,,,,
"""Maud Barger Wallach""",,"""United States""",,"""April 2, 1954(1954-04-02) (aged 83)Baltimore, Maryland""",,,,"""Right-handed""",,,,"""1958 (member page)""",,,,,,,,,,,
"""Lillian Watson""","""Lillian Mary Watson""","""United Kingdom""","""1857-09-17""","""27 May 1918(1918-05-27) (aged 60)Berkswell, England""","""1.75 m""",,,,,,,,,,,"""""Pokey""""","""United States""","""146 lb (66 kg)""",,,,,
"""Anastasia Myskina""",,"""Russia""","""1981-07-08""",,"""1.74 m""",1998,"""2007 (last match)""","""Right-handed (two-handed backhand)""","""Moscow""",,"""$5,606,725""",,,,,,,,,,,,
"""Zsuzsi Körmöczy""",,"""Hungary""","""1924-08-25""","""16 September 2006(2006-09-16) (aged 82)""",,,,"""Right-handed""",,,,,,,,,,,,,,,
"""Evelyn Sears""","""Evelyn Georgianna Sears""","""United States""","""1875-03-09""","""November 10, 1966(1966-11-10) (aged 91)Waltham, MA, United States""",,,,,,,,,,,,,,,,,,,
"""Lucie Šafářová""",,"""Czech Republic""","""1987-02-04""",,"""1.77 m""",2001,"""29 May 2019""","""Left-handed (two-handed backhand)""","""Monte Carlo, Monaco""","""Rob Steckley""","""$12,637,555""",,,"""lucie-safarova.com""",,,,,,,,,
"""Dorothea Douglass""","""Dorothea Katherine Douglass Lambert Chambers""","""United Kingdom""","""1878-09-03""","""7 January 1960(1960-01-07) (aged 81)Kensington, London, England""",,,,,,,,"""1981 (member page)""",,,,,,,,,,,
"""Simone Mathieu""","""Simonne Passemard-Mathieu""","""France""","""1908-01-31""","""7 January 1980(1980-01-07) (aged 71)Chatou, France""",,,,"""Right–handed (one-handed backhand)""",,,,"""2006 (member page)""",,,,,,,,,,,
"""Garbiñe Muguruza""",,"""Spain""","""1993-10-08""",,"""1.82 m""","""March 2012""",,"""Right-handed (two-handed backhand)""","""Geneva, Switzerland""","""Conchita Martínez""","US$ 21,693,823
15th in all-time rankings",,,"""www.garbinemuguruza.com""",,,,,,,,,
"""Samantha Stosur""",,"""Australia""","""1984-03-30""",,"""1.75 m""",1999,,"""Right-handed (two-handed backhand)""","""Gold Coast, Queensland""","""Rennae Stubbs (2019–present)""","$19,191,876
21st in all-time rankings",,,"""samstosur.com""",,,,,,,,,
"""Eugenie Bouchard""",,"""Canada""","""1994-02-25""",,"""1.78 m""",2009,,"""Right-handed (two-handed backhand)""","""Las Vegas, Nevada, United States""","""Rennae Stubbs (2020–)""","""$6,664,795""",,,,,,,,,,,,
"""Billie Jean Moffitt""",,"""United States""","""1943-11-22""",,"""1.64 m""","""1959""","""1990""","""Right-handed (one-handed backhand)""",,,,,,,,,,,,,,,
"""Bianca Andreescu""",,"""Canada""","""2000-06-16""",,"""1.70 m""",2017,,"""Right-handed (two-handed backhand)""","""Thornhill, Ontario, Canada""","""Sylvain Bruneau""","""$7,000,466""",,,,,,,,,,,,
"""Kathleen Godfree""","""Kathleen McKane Godfree""","""Great Britain""","""1896-05-07""","""19 June 1992(1992-06-19) (aged 96)London, England""",,,,"""Right-handed""",,,,"""1978 (member page)""",,,,,,,,,,,
"""Sharon Walsh""",,"""United States""","""1952-02-24""",,"""1.74 m""",,,"""Right-handed""",,,,,,,,,,,,,,,
"""Dorothea Douglass Chambers""","""Dorothea Katherine Douglass Lambert Chambers""","""United Kingdom""","""1878-09-03""","""7 January 1960(1960-01-07) (aged 81)Kensington, London, England""",,,,,,,,"""1981 (member page)""",,,,,,,,,,,
"""Myrtle McAteer""",,"""United States""","""1878-06-12""","""October 26, 1952(1952-10-26) (aged 74)Los Angeles, USA""",,,,,,,,,,,,,,,,,,,
"""Dinara Safina""","""Dinara Mubinovna Safina""","""Russia""","""1986-04-27""",,"""1.85 m""",2000,"""11 May 2014 (last match 2011)""","""Right-handed (two-handed backhand)""","""Monte Carlo, Monaco""",,"""$10,585,640""",,,,,,,,,,,,
"""Dora Boothby""","""Penelope Dora Harvey Boothby""","""United Kingdom""","""1881-08-02""","""22 February 1970(1970-02-22) (aged 88)Hammersmith, England""",,,,,,,,,,,,,,,,,,,
"""Karolína Plíšková""",,"""Czech Republic""","""1992-03-21""",,"""1.86 m""",2009,,"""Right-handed (two-handed backhand)""","""Monte Carlo, Monaco""","""Olga Savchuk (2019–)[1]Azuz Simcich (2017-)[2]Sascha Bajin (2020–)""","US$ 20,599,271
18th in all-time rankings",,,"""karolina-pliskova.com""",,,,,,,,,
"""Sandra Reynolds""",,"""South Africa""","""1939-03-04""",,,,,,,,,,,,,,,,,,,,
"""Elisabeth Moore""","""Elisabeth Holmes Moore""","""United States""","""1876-03-05""","""January 22, 1959(1959-01-22) (aged 82)Starke, FL, United States""",,,,"""Right-handed (one-handed backhand)""",,,,"""1971 (member page)""",,,,,,,,,,,
"""May Jacks""",,"""United Kingdom""",,,,,,,,,,,,,,,,,,,,,
"""Sue Barker""",,"""Great Britain""","""1956-04-19""",,"""1.65 m""",1973,1984,"""Right-handed (one-handed backhand)""","""Stanton, Gloucestershire, England""",,"""US$ 878,701""",,,,,,,,,,,,
"""Margaret Osborne duPont""","""Margaret Evelyn Osborne duPont""","""United States""","""1918-03-04""","""October 24, 2012(2012-10-24) (aged 94)El Paso, Texas, U.S.""","""1.65 m""",,,"""Right-handed""",,,,"""1967 (member page)""",,,,,,,,,,,
"""Althea Gibson""",,"""United States""","""1927-08-25""","""September 28, 2003(2003-09-28) (aged 76)East Orange, New Jersey, U.S.""","""1.80 m""",,1958,"""Right-handed""",,,,"""1971 (member page)""",,,,,,,,,,,
"""Kim Clijsters""",,"""Belgium""","""1983-06-08""",,"""1.74 m""","""17 August 1997""","""May 2007 – August 2009,  September 2012 – February 2020""","""Right-handed (two-handed backhand)""","""Bree, BelgiumNew Jersey, U.S.""",,,"US$24,461,695
12th in all-time rankings",,,"""kimclijsters.com""",,,,,,,,
"""Zina Garrison""",,"""United States""","""1963-11-16""",,"""1.64 m""",1982,1997,"""Right-handed (one handed-backhand)""","""Houston, Texas""",,"""$4,590,816""",,,,,,,,,,,,
"""Evonne Goolagong-Cawley""","""Evonne Fay Goolagong""","""Australia""","""1951-07-31""",,"""1.68 m""",,1983,"""Right-handed (one-handed backhand)""",,,"""US $1,399,431""","""1988 (member page)""",,,,,,,,,,,
"""Mary Carter Reitano""",,"""Australia""","""1934-11-29""",,,,,,,,,,,,,,,,,,,,
"""Wendy Turnbull""",,"""Australia""","""1952-11-26""",,"""1.64 m""",1975,1989,"""Right-handed (one handed-backhand)""","""Boca Raton, Florida, USA andSandgate, Queensland, Australia""",,"""US$ 2,769,024""",,,,,,,,,,,,
"""Helen Wills Moody""","""Helen Newington WillsHelen Wills MoodyHelen Wills Roark""","""United States""","""1905-10-06""","""January 1, 1998(1998-01-01) (aged 92)Carmel, CA, United States""","""1.71 m""",,1938,,,,,"""1959 (member page)""",,,,,,,,,,,
"""Sylvia Harper""",,"""Australia""","""1895-10""","""21 October 1982 (1982-10-22) (aged 87)""",,,,,,,,,,,,,,,,,,,
"""Flavia Pennetta""",,"""Italy""","""1982-02-25""",,"""1.72 m""","""25 February 2000""","""29 October 2015""","""Right-handed (two-handed backhand)""","""Brindisi, Italy""",,"""$14,197,886""",,,"""flaviapennetta.eu""",,,,,,,,,
"""Jennifer Staley""","""Jennifer Staley Hoad""","""Australia""","""1934-03-03""",,,,,"""Left-handed""",,,,,,,,,,,,,,,
"""Irene Peacock""","""Irene Evelyn Bowder Peacock""","""South Africa""","""1892-07-27""","""13 June 1978(1978-06-13) (aged 85)Johannesburg, South Africa""",,,,,,,,,,,,,,,,,,,
"""Gabriela Sabatini""","""Gabriela Beatriz Sabatini""","""Argentina""","""1970-05-16""",,"""1.75 m""","""January 1985""",1996,"""Right-handed (one-handed backhand)""","""Buenos Aires, ArgentinaBoca Raton, Florida, U.S.""",,"""$8,785,850""","""2006 (member page)""",,,,,,,,,,,
"""Nancye Wynne""",,"""Australia""","""1916-12-02""","""9 November 2001(2001-11-09) (aged 84)Melbourne, Australia""","""1.78 m""",,,"""Right-handed""",,,,"""2006 (member page)""",,,,,,,,,,,
"""Elizabeth Ryan""","""Elizabeth Montague Ryan""","""United States and  United Kingdom""","""1892-02-05""","""July 6, 1979(1979-07-06) (aged 87)Wimbledon, England""",,,,,"""England till death""",,,"""1972 (member page)""",,,,,,,,,,,
"""Molla Bjurstedt""","""Molla Bjurstedt Mallory""","""Norway United States""","""1884-03-06""","""November 22, 1959(1959-11-22) (aged 75)Stockholm, Sweden""",,,,"""Right-handed""",,,,"""1958 (member page)""",,,,,,,,,,,
"""Lambert Chambers""","""Dorothea Katherine Douglass Lambert Chambers""","""United Kingdom""","""1878-09-03""","""7 January 1960(1960-01-07) (aged 81)Kensington, London, England""",,,,,,,,"""1981 (member page)""",,,,,,,,,,,
"""Juliette Atkinson""","""Juliette Paxton Atkinson""","""United States""","""1873-04-15""","""January 12, 1944(1944-01-12) (aged 70)Lawrenceville, Illinois, United States""","""1.52 m""",,,"""Right-handed""",,,,"""1974 (member page)""",,,,,,,,,,,
"""Ann Haydon-Jones""","""Ann Shirley Jones""","""Great Britain""","""1938-10-07""",,,,,"""Left-handed""",,,,"""1985 (member page)""",,,,,,,,,,,
"""Helen Jackson""",,"""United Kingdom""",,,,,,,,,,,,,,,,,,,,,
"""Victoria Azarenka""","""Victoria Fyodorovna Azarenka""","""Belarus""","""1989-07-31""",,"""1.83 m""",2003,,"""Right-handed (two-handed backhand)""","""Manhattan Beach, California, United States""","""Dorian Descloix (February 2020–present)""","$32,347,288
7th in all-time rankings",,"""Вікторыя Фёдараўна АзаранкаViktoryja Fiodaraŭna Azaranka""",,,,,,,,,,
"""Shirley Fry""","""Shirley June Fry Irvin""","""United States""","""1927-06-30""",,"""1.65 m""",,1957,"""Right–handed""","""Orlando, Florida, United States""",,,"""1970 (member page)""",,,,,,,,,,,
"""Mary Browne""","""Mary Kendall Browne""","""United States""","""1891-06-03""","""August 19, 1971(1971-08-19) (aged 80)Laguna Hills, U.S.""","""1.57 m""",,,"""Right-handed""",,,,"""1957 (member page)""",,,,,,,,,,,
"""Kathleen McKane""","""Kathleen McKane Godfree""","""Great Britain""","""1896-05-07""","""19 June 1992(1992-06-19) (aged 96)London, England""",,,,"""Right-handed""",,,,"""1978 (member page)""",,,,,,,,,,,
"""Lena Rice""","""Helena Bertha Grace Rice""","""United Kingdom""","""1866-06-21""","""21 June 1907(1907-06-21) (aged 41)Marlhill""",,,,,,,,,,,,,,,,,,,
"""Betsy Nagelsen""","""Helen Elizabeth ""Betsy"" Nagelsen McCormack""","""United States""","""1956-10-23""",,"""1.75 m""",1973,1996,"""Right-handed""","""Maui, Hawaii &Orlando, Florida""",,"""$1,016,519""",,,,,,,,,,,,
"""Vera Zvonareva""",,"""Russia""","""1984-09-07""",,"""1.72 m""","""September 2000""",,"""Right-handed (two-handed backhand)""","""Moscow, Russia""","""Sam Sumyk (2007–2009)Antonio van Grichen (2010)Sergei Demekhine (2010–2011)Arnaud Decugis (2018–)Stephane Robert (2019–)""","""US$ 13,883,851""",,,"""www.zvonareva.ru""",,,,,,,,,
"""Serena Williams""","""Serena Jameka Williams""","""United States""","""1981-09-26""",,"""175 cm""","""October 1995""",,"""Right-handed (two-handed backhand)""","""Palm Beach Gardens, Florida, U.S.[1]""","""Richard Williams (1994–)Oracene PricePatrick Mouratoglou (2012–)""","US$ 94,236,271
1st in all-time rankings",,,"""www.serenawilliams.com""",,,,,,,,,
"""Helena Suková""",,"""Czechoslovakia (1983–1992) Czech Republic (1993–1998)""","""1965-02-23""",,"""1.88 m""",1983,1998,"""Right-handed (one-handed backhand)""","""Prague, Czech Republic""",,"""US$ 6,391,245""","""2018 (member page)""",,,,,,,,,,,
"""Helen Gourlay""",,"""Australia""","""1946-12-23""",,"""168 cm""",,1978,"""Right-handed""",,,,,,,,,,,,,,,
"""Winifred McNair""",,"""United Kingdom""","""1877-08-09""","""28 March 1954(1954-03-28) (aged 76)Kensington, London, England""",,,,,,,,,,,,,,,,,,,
"""Carrie Neely""","""Carrie Blair Neely""","""USA""",,"""November 29, 1938(1938-11-29) Chicago, IL, United States""",,,,,,,,,,,,,,,,,,,
"""Agnieszka Radwańska""","""Agnieszka Roma Radwańska""","""Poland""","""1989-03-06""",,"""1.73 m""","""23 April 2005""","""14 November 2018""","""Right-handed (two-handed backhand)""","""Kraków, Poland""",,"US$27,683,807
9th in all-time rankings",,,"""agaradwanska.com""",,,,,,,,,
"""Alice Pickering""",,"""United Kingdom""",,,,,,,,,,,,,,,,,,,,,
"""Nancy Lyle""",,"""United Kingdom""","""1910-02-26""",1986,,,,"""Right-handed""",,,,,,,,,,,,,,,
"""Marie Wagner""",,"""USA""","""1883-02-02""","""1 April 1975(1975-04-01) (aged 92) or  28 March 1975(1975-03-28) (aged 92)""",,,,"""Right-handed""",,,,"""1969 (member page)""",,,,,,,,,,,
"""Blanche Bingley""","""Blanche Bingley Hillyard""","""United Kingdom""","""1863-11-03""","""6 August 1946(1946-08-06) (aged 82)West Sussex, England""",,,,"""Right-handed""",,,,"""2013 (member page)""",,,,,,,,,,,
"""Iva Majoli""",,"""Yugoslavia (1990–1991) Croatia (1992-2015)""","""1977-08-12""",,"""1.75 m""","""August 1991""","""June 2004""","""Right-handed (two-handed backhand)""","""Zagreb, CroatiaBradenton, Florida""",,"""$4,405,867""",,,,,,,,,,,,
"""Charlotte Cooper Sterry""","""Charlotte Reinagle Cooper Sterry""","""United Kingdom""","""1870-09-22""","""10 October 1966(1966-10-10) (aged 96)Helensburgh, Scotland""",,,,"""Right–handed""",,,,"""2013 (member page)""",,,,,,,,,,,
"""Virginia Wade""",,"""United Kingdom""","""1945-07-10""",,"""1.70 m""",1968,1986,"""Right-handed (one-handed backhand)""",,,"""$1,542,278""","""1989 (member page)""",,,,,,,,,,,
"""Jadwiga Jędrzejowska""",,"""Poland""","""1912-10-15""","""28 February 1980(1980-02-28) (aged 67)Katowice, Poland""",,,,"""Right-handed""",,,,,,,,,,,,,,,
"""Edith Parker""",,"""United States""",,,,,,,,,,,,,,,,,,,,,
"""Beverly Fleitz""",,"""United States""","""1930-03-13""","""April 29, 2014(2014-04-29) (aged 84)Long Beach, California, U.S.""",,,,"""Right and left-handed forehand""",,,,,,,,,,,,,,,
"""Darlene Hard""","""Darlene Ruth Hard""","""United States""","""1936-01-06""",,,1965,,"""Right-handed""",,,,"""1973 (member page)""",,,,,,,,,,,
"""Sarah H. Palfrey""","""Sarah Hammond Palfrey Danzig""","""United States""","""1912-09-18""","""February 27, 1996(1996-02-27) (aged 83)New York, New York, United States""","""1.63 m""",1947,,"""Right-handed""",,,,"""1963 (member page)""",,,,,,,,,,,
"""Virginia Ruzici""",,"""Romania""","""1955-01-31""",,"""1.73 m""",1975,1987,"""Right-handed (one-handed backhand)""",,,"""US$1,183,728""",,,,,,,,,,,,
"""Anna McCune Harper""",,"""United States""","""1902-07-02""","""June 14, 1999(1999-06-14) (aged 96)Moraga, California, U.S.""",,,1932,"""Left-handed """,,,,,,,,,,,,,,,
"""Ethel Thomson""","""Ethel Warneford Thomson Larcombe""","""United Kingdom""","""1879-06-08""","""11 August 1965(1965-08-11) (aged 86)Budleigh Salterton, England""",,,,"""Right-handed""",,,,,,,,,,,,,,,
"""Daphne Akhurst""","""Daphne Jessie Akhurst Cozens""","""Australia""","""1903-04-22""","""9 January 1933(1933-01-09) (aged 29)Sydney, Australia""",,,,"""Right-handed""",,,,"""2013 (member page)""",,,,,,,,,,,
"""Thelma Long""","""Thelma Dorothy Coyne Long""","""Australia""","""1918-10-14""","""13 April 2015(2015-04-13) (aged 96)Sydney, Australia""",,,,"""Right-handed""",,,,"""2013 (member page)""",,,,,,,,,,,
"""Dianne Fromholtz""",,"""Australia""","""1956-08-10""",,"""1.65 m""",1973,1990,"""Left-handed (one-handed backhand)""","""Melbourne, Australia""",,"""US$1,145,377""",,,,,,,,,,,,
"""Lili de Alvarez""","""Elia Maria González-Álvarez y López-Chicheri""","""Spain (−1936)France (1936–)""","""1905-05-09""","""8 July 1998(1998-07-08) (aged 93)Madrid, Spain""",,,,"""Right-handed""",,,,,,,,,,,,,,,
"""Renée Schuurman""",,"""South Africa""","""1939-10-26""","""30 May 2001(2001-05-30) (aged 61) Howick, South Africa""",,,,"""Right-handed""",,,,,,,,,,,"""Renee Schuurman""",,,,
"""Sofia Kenin""","""Sofia Anna Kenin""","""United States""","""1998-11-14""",,"""1.70 m""",2017,,"""Right-handed (two-handed backhand)""","""Pembroke Pines, Florida, US""","""Alex Kenin""","""US$7,362,333""",,,"""sonyakenin.com""",,,,,,,,,
"""Mary Pierce""",,"""France""","""1975-01-15""",,"""1.78 m""","""March 1989""",,"""Right-handed (two-handed backhand)""","""Rivière Noire, Mauritius""",,"""$9,793,119""","""2019 (member page)""",,,,,,,,,,,
"""Edith Austin""",,"""United Kingdom""","""1867-12-15""","""27 July 1953(1953-07-27) (aged 85)Fulham, London, England""",,,,,,,,,,,,,,,,,,,
"""Jana Novotná""",,"""Czechoslovakia (1987–1992) Czech Republic (1993–1999)""","""1968-10-02""","""19 November 2017(2017-11-19) (aged 49)Czech Republic""","""1.75 m""",1987,1999,"""Right-handed (one-handed backhand)""",,,"""$11,249,284""","""2005 (member page)""",,,,,,,,,,,
"""Mary Joe Fernández""",,"""United States""","""1971-08-19""",,"""1.75 m""",1986,2000,"""Right-handed (two-handed backhand)""","""Miami, Florida, U.S.""",,"""$5,258,471""",,,,,,,,,,,,
"""May Sutton""","""May Godfrey Sutton Bundy""","""United States""","""1886-09-25""","""October 4, 1975(1975-10-04) (aged 89)Santa Monica, California""","""1.64 m""",,,"""Right-handed""",,,,"""1956 (member page)""",,,,,,,,,,,
"""Renáta Tomanová""",,"""Czechoslovakia""","""1954-12-09""",,"""1.68 m""",,,"""Right-handed""",,,,,,,,,,,,,,,
"""Nelly Landry""",,"""Belgium (1933-1936) France (1937 onwards)""","""1916-12-27""","""22 February 2010(2010-02-22) (aged 93)""",,,,,,,,,,,,,,,,,,,
"""Margaret Scriven""","""Margaret Croft Scriven-Vivian""","""United Kingdom""","""1912-08-12""","""25 January 2001(2001-01-25) (aged 88)Haslemere, England""",,,,"""Left-handed (one-handed backhand)""",,,,"""2016 (member page)""",,,,,,,,,,,
"""Carole Caldwell Graebner""",,"""United States""","""1943-06-24""","""November 19, 2008(2008-11-19) (aged 65)New York, USA""",,,,,,,,,,,,,,,"""Carole Graebner""",,,,
"""Maria Sharapova""","""Maria YuryevnaSharapova""","""Russia""","""1987-04-19""",,"""1.88 m""","""19 April 2001""","""26 February 2020""","""Right-handed (two-handed backhand)""","""Bradenton, Florida, U.S.""",,"$38,777,962
3rd all-time in earnings",,"""Мария Юрьевна Шарапова""","""mariasharapova.com""",,,,,,,,,
"""Beryl Penrose""",,"""Australia""","""1930-12-22""",,,,,"""Right–handed (one-handed backhand)""",,,,,,,,,,,,,,,
"""Mary K. Browne""","""Mary Kendall Browne""","""United States""","""1891-06-03""","""August 19, 1971(1971-08-19) (aged 80)Laguna Hills, U.S.""","""1.57 m""",,,"""Right-handed""",,,,"""1957 (member page)""",,,,,,,,,,,
"""Helen Wills""","""Helen Newington WillsHelen Wills MoodyHelen Wills Roark""","""United States""","""1905-10-06""","""January 1, 1998(1998-01-01) (aged 92)Carmel, CA, United States""","""1.71 m""",,1938,,,,,"""1959 (member page)""",,,,,,,,,,,
"""Eleanor E. Goss""",,"""United States""","""1895-11-18""","""November 6, 1982 (aged 86) Salisbury, Connecticut, USA""",,,,"""Right-handed""",,,,,,,,,,,,,,,
"""Pam Shriver""","""Pamela Howard Shriver""","""United States""","""1962-07-04""",,"""1.83 m""",1979,1997,"""Right-handed (one-handed backhand)""","""Los Angeles, California, U.S.""","""Don Candy""","""$5,460,566""","""2002 (member page)""",,,,,,,,,,,
"""Olga Morozova""",,"""Soviet Union""","""1949-02-22""",,"""1.70 m""",1966,"""1977 and 1989""","""Right-handed (one handed-backhand)""","""London, England""",,"""no value""",,,,,,,,,,,,
"""Ginette Bucaille""",,"""France""",,,,,,,,,,,,,,,,,,,,,
"""Ashleigh Barty""",,"""Australia""","""1996-04-24""",,"""1.66 m""","""April 2010""",,"""Right-handed (two-handed backhand)""","""Ipswich, Queensland, Australia""","""Craig Tyzzer""","$18,330,358
23rd all-time in earnings",,,,,,,,,"""Right-handed""","""Right-arm medium""",,
"""Sylvia Hanika""",,"""Germany""","""1959-11-30""",,"""1.73 m""",1977,1990,"""Left-handed (one handed-backhand)""","""La Manga, Spain""",,"""US$ 454,347""",,,,,,,,,,,,
"""Vera Suková""",,"""Czechoslovakia""","""1931-06-13""","""13 May 1982(1982-05-13) (aged 50)Prague, Czechoslovakia""",,,,,,,,,,,,,,,,,,,
"""Louise Hammond Raymond""","""Louise Ellsworth Hammond Raymond""","""United States""","""1886-12-29""","""August 1991(-)(-) Scarsdale, NY, United States""",,,,,,,,,,,,,,,,,,,
"""Mima Jaušovec""",,"""Yugoslavia""","""1956-07-20""",,"""1.60 m""",1975,1988,"""Right-handed (one-handed backhand)""",,,"""$933,926""",,,,,,,,,,,,
"""Eleonora Sears""","""Eleonora Randolph Sears""","""United States""","""1881-10-28""","""March 16, 1968(1968-03-16) (aged 86)Palm Beach, Florida, U.S.""",,,,"""Right-handed""",,,,"""1968 (member page)""",,,,,,,,,,,
"""Françoise Dürr""",,"""France""","""1942-12-25""",,"""1.63 m""","""1968 (start of Open Era)""",1984,"""Right-handed (single handed-backhand)""",,,,"""2003 (member page)""",,,,,,,,,,,
"""Helga Niessen""",,"""West Germany""","""1941-11-11""",,"""1.83 m""",,,"""Right-handed (one handed backhand)""",,,,,,,,,,,"""Helga Masthoff""",,,,
"""Nathalie Tauziat""",,"""France""","""1967-10-17""",,"""1.65 m""",1984,2003,"""Right-handed (one handed-backhand)""","""Anglet, France""",,"""$6,650,093""",,,,,,,,,,,,
"""Betty Stöve""","""Betty Flippina Stöve""","""Netherlands""","""1945-06-24""",,"""1.80 m""",,,"""Right-handed""","""Brasschaat, Belgium""",,"""US$1,047,356""",,,,,,,,"""Betty Stove""",,,,
"""Tracy Austin""",,"""United States""","""1962-12-12""",,"""165 cm""","""October 23, 1978""","""July 1994""","""Right-handed(two-handed backhand)""","""Rolling Hills, California""","""Pancho Segura, Robert Lansdorp, Vic Braden""","""US$1,992,380""","""1992 (member page)""",,,,,,,,,,,
"""Andrea Jaeger""",,"""United States""","""1965-06-04""",,"""1.68 m""",1980,1985,"""Right-handed (two handed-backhand)""","""Santa Rosa Beach, Florida""",,"""US$ 1,379,065""",,,,,,,,,,,,
"""Molla Mallory""","""Molla Bjurstedt Mallory""","""Norway United States""","""1884-03-06""","""November 22, 1959(1959-11-22) (aged 75)Stockholm, Sweden""",,,,"""Right-handed""",,,,"""1958 (member page)""",,,,,,,,,,,
"""Barbara Jordan""",,"""United states""","""1957-04-02""",,"""1.65m""",,,"""Right-handed""",,,,,,,,,,,,,,,
"""Judy Tegart""",,"""Australia""","""1937-12-12""",,,,,,,,,,,,,,,,,,,,
"""Nancye Bolton""",,"""Australia""","""1916-12-02""","""9 November 2001(2001-11-09) (aged 84)Melbourne, Australia""","""1.78 m""",,,"""Right-handed""",,,,"""2006 (member page)""",,,,,,,,,,,
"""Suzanne Lenglen""",,"""France""","""1899-05-24""","""4 July 1938(1938-07-04) (aged 39)Paris, France""","""1.64 m""","""August 1926""",,"""Right-handed (one-handed backhand)""",,"""Charles Lenglen""",,"""1978 (member page)""",,,,,,,,,,,
"""Madison Keys""",,"""United States""","""1995-02-17""",,"""1.78 m""","""February 17, 2009""",,"""Right-handed (two-handed backhand)""","""Orlando, Florida""","""Ola Malmqvist""","""US$12,603,740""",,,,,,,,,,,,
"""Jennifer Brady""",,"""United States""","""1995-04-12""",,"""1.78 m""",2014,,"""Right-handed (two-handed backhand)""",,"""Michael Geserer""","""$4,405,195""",,,,"""UCLA""",,,,,,,,
"""Florența Mihai""",,"""Romania""","""1955-09-02""","""14 October 2015(2015-10-14) (aged 60)""","""1.65 m""",,,"""Right-handed""",,,,,,,,,,,,,,,
"""Arantxa Sánchez Vicario""",,"""Spain""","""1971-12-18""",,"""1.69 m""",1985,2002,"""Right-handed (two-handed backhand)""","""Barcelona, Spain""",,"$16,942,640
 20th in all-time rankings (female)","""2007 (member page)""",,,,,,,,,,,
"""Doris Hart""",,"""United States""","""1925-06-20""","""May 29, 2015(2015-05-29) (aged 89)Coral Gables, Florida, U.S.""",,,"""1955 (but played at the 1968 Wimbledon Championships and the 1969 US Open)""",,,,,"""1969 (member page)""",,,,,,,,,,,
"""Dorothy Stevenson""","""Dorothy 'Dot' Stevenson""","""Australia""",,,,,,,,,,,,,,,,,,,,,
"""Sarah Palfrey Cooke""","""Sarah Hammond Palfrey Danzig""","""United States""","""1912-09-18""","""February 27, 1996(1996-02-27) (aged 83)New York, New York, United States""","""1.63 m""",1947,,"""Right-handed""",,,,"""1963 (member page)""",,,,,,,,,,,
"""Ellen Hansell""","""Ellen Forde Hansell Allerdice""","""USA""","""1869-09-18""","""11 May 1937(1937-05-11) (aged 67)Pittsburgh, PA, U.S.""",,,,"""Right-handed""",,,,"""1965 (member page)""",,,,,,,,,,,
"""Ana Ivanovic""",,"""Serbia and Montenegro (2004–2006) Serbia (2006–2016)""","""1987-11-06""",,"""1.84 m""","""17 August 2003""","""28 December 2016""","""Right-handed (two-handed backhand)""","""Chicago, Illinois""",,"""US$15,510,787""",,"""Ана ИвановићAna Ivanović""","""Official website""",,,,,,,,,
"""Simona Halep""",,"""Romania""","""1991-09-27""",,"""1.68 m""",2006,,"""Right-handed (two-handed backhand)""","""Constanța, Romania""","""Darren CahillArtemon Apostu-Efremov""","US$37,426,198
4th in all-time rankings",,,"""simonahalep.com""",,,,,,,,,
"""Margaret Osborne""","""Margaret Osborne duPont""","""United States""","""1918-03-04""","""October 16, 1974(1974-10-16) (aged 91)El Paso, Texas, U.S.""","""1.65m""",,,"""Right-handed""",,,,,,,,,,,,,,,
"""Joan Fry""","""Joan Craddock Fry-Lakeman""","""United Kingdom""","""1906-05-06""","""29 September 1985(1985-09-29) (aged 79)""",,,,,,,,,,,,,,,,,,,
"""Kerry Melville""","""Kerry Melville Reid""","""Australia""","""1947-08-07""",,"""167 cm""",,1979,"""Right-handed (one-handed backhand)""",,,,,,,,,,,,,,,
"""Steffi Graf""","""Stefanie Maria Graf""","""West Germany (1982–1990) Germany (1990–1999)""","""1969-06-14""",,"""1.75 m""","""18 October 1982""","""13 August 1999""","""Right-handed (one-handed backhand)""","""Las Vegas, Nevada, U.S.""","""Peter GrafPavel Složil (1986–1991)Heinz Günthardt (1992–1999)""","$21,895,277
14th in all-time rankings","""2004 (member page)""",,,,,,,,,,,
"""Dominika Cibulková""","""Dominika Navara Cibulková""","""Slovakia""","""1989-05-06""",,"""1.60 m""",2004,2019,"""Right-handed (two-handed backhand)""","""Dubai, United Arab Emirates""","""Matej Lipták""","""$13,725,520""",,,,,,,,,,,,
"""Elena Dementieva""",,"""Russia""","""1981-10-15""",,"""1.80 m""","""25 August 1998""","""29 October 2010""","""Right-handed (two-handed backhand)""","""Monte Carlo, Monaco""",,"""$14,867,437""",,,,,,,,,,,,
"""Agnes Morton""","""Agnes Mary Morton""","""United Kingdom""","""1872-03-06""","""5 April 1952(1952-04-05) (aged 80)Kensington, London, England""",,,,,,,,,,,,,,,,,,,
"""Justine Henin""",,"""Belgium""","""1982-06-01""",,"""1.67 m""","""1 January 1999""","""26 January 2011""","""Right-handed (one-handed backhand)""","""Brussels, Belgium""","""Carlos Rodríguez (1995–2008""","US$ 20,863,335
 17th in all-time rankings",,,,,,,,,,,,
"""Margaret Smith""",,"""Australia""",,,,,,,,,,,,,,,,,,,,,
"""Karen Susman""",,"""United States""","""1942-12-11""",,,,,"""Right–handed""",,,,,,,,,,,,,,,
"""Kathy Jordan""",,"""United States""","""1959-12-03""",,"""1.73 m""",1979,1991,"""Right-handed (one handed-backhand)""","""Palo Alto, California, United States""",,"""$1,592,111""",,,,"""Stanford University""",,,,,,,,
"""Jelena Janković""",,"""Serbia (2006–present) Serbia and Montenegro (2003–2006) FR Yugoslavia (2000–2003)""","""1985-02-28""",,"""1.77 m""","""6 February 2000""",,"""Right-handed (two-handed backhand)""","""Dubai, United Arab Emirates""",,"US$ 19,089,259
 20th in all-time rankings",,"""Јелена ЈанковићJelena Janković""",,,,,,,,,,
"""Martina Navratilova""",,"""Czechoslovakia (1956–1975)  United States""","""1956-10-18""",,"""1.73 m""",1975,2006,"""Left-handed (one-handed backhand), born right-handed""","""Miami, Florida, U.S.""",,"US$21,626,089
15th in all-time rankings","""2000 (member page)""",,,,,,,,,,,
"""Helen Jacobs""","""Helen Hull Jacobs""","""United States""","""1908-08-06""","""June 2, 1997(1997-06-02) (aged 88)East Hampton, New York, U.S.""",,,1947,,,,,"""1962 (member page)""",,,,,,,,,,,
"""Maud Banks""",,"""United States""","""1879-09""",,,,,"""Right-handed""",,,,,,,,,,,,,,,
"""Sylvia Lance""",,"""Australia""","""1895-10""","""21 October 1982 (1982-10-22) (aged 87)""",,,,,,,,,,,,,,,,,,,
"""Helen Homans""",,"""United States""",,"""March 29, 1949(1949-03-29) (aged 72)""",,,,,,,,,,,,,,,,,,,
"""Betty Nuthall""","""Elizabeth May Nuthall Shoemaker""","""United Kingdom""","""1911-05-23""","""8 November 1983(1983-11-08) (aged 72)New York City, USA""",,,,"""Right-handed""",,,,"""1977 (member page)""",,,,,,,,,,,
"""Lindsay Davenport""","""Lindsay Ann Davenport Leach""","""United States""","""1976-06-08""",,"""1.89 m""","""February 22, 1993""","""2010 (last match)""","""Right-handed (two-handed backhand)""","""Laguna Beach, California, U.S.""","""Robert LansdorpCraig Kardon (1994–1995)Robert Van't Hof (1995–2003)Rick Leach (2004–4)Adam Peterson (2004-2010)[1]""","US$22,166,338
13th in all-time rankings","""2014 (member page)""",,,,,,,,,,,
"""Markéta Vondroušová""",,"""Czech Republic""","""1999-06-28""",,"""1.73 m""",,,"""Left-handed (two-handed backhand)""","""Prague, Czech Republic""","""Jiří HřebecJan Hernych""","""$3,790,234""",,,,,,,,,,,,
"""Rosemary Casals""","""Rosemary Casals""","""United States""","""1948-09-16""",,"""1.59 m""",1968,,"""Right-handed""",,,"""US$ 1,362,222""","""1996 (member page)""",,,,,,,,,,,
"""A. Louise Brough""","""Althea Louise Brough""","""United States""","""1923-03-11""","""February 3, 2014(2014-02-03) (aged 90)Vista, California""","""1.71 m""",,1959,"""Right-handed (one-handed backhand)""",,,,"""1967 (member page) """,,,,,,,,,,,
"""Evonne Goolagong Cawley""","""Evonne Fay Goolagong""","""Australia""","""1951-07-31""",,"""1.68 m""",,1983,"""Right-handed (one-handed backhand)""",,,"""US $1,399,431""","""1988 (member page)""",,,,,,,,,,,
"""Louise Bickerton""","""Louie Mildred Bickerton Cozens""","""Australia""",,"""6 June 1998(1998-06-06) (aged 95)""",,,,,,,,,,,,,,,,,,,
"""Charlotte Cooper""","""Charlotte Cooper Sterry""","""United Kingdom""","""1870-09-22""","""10 October 1966(1966-10-10) (aged 96)Helensburgh, Scotland""",,,,"""Right-handed""",,,,,,,,,,,,,,,
"""Hazel Hotchkiss""","""Hazel Virginia Hotchkiss Wightman""","""United States""","""1886-12-20""","""December 5, 1974(1974-12-05) (aged 87)Newton, Massachusetts, U.S.""",,,,"""Right-handed""",,,,"""1957 (member page)""",,,,,,,"""Hazel Wightman""",,,,
"""Marion Vanderhoef""",,"""United States""","""1894-12-06""","""June 9, 1985(1985-06-09) (aged 90)New London, CT, U.S.""",,,,,,,,,,,,,,,,,,,
"""Kornelia Bouman""","""Cornelia Bouman""","""Netherlands""","""1903-11-23""","""17 November 1998(1998-11-17) (aged 94)Delden, Netherlands""",,,1930,"""Right-handed""",,,,,,,,,,,,,,,
"""Sabine Lisicki""","""Sabine Katharina Lisicki""","""Germany""","""1989-09-22""",,"""1.78 m""",2006,,"""Right-handed (two-handed backhand)""","""Bradenton, Florida, U.S.""",,"""US$7,130,368""",,,,,,,,,,,,
"""Angelique Kerber""",,"""Germany""","""1988-01-18""",,"""1.73 m""",2003,,"""Left-handed (two-handed backhand), born right-handed""","""Puszczykowo, Poland""","""Torben Beltz (2020–)""","US$ 29,985,250
8th in all-time rankings",,,"""angelique-kerber.de""",,,,,,,,,
"""Pauline Betz""","""Pauline Betz Addie""","""United States""","""1919-08-06""","""May 31, 2011(2011-05-31) (aged 91)Potomac, Maryland, U.S.""","""1.66 m""",1947,"""1960""",,,,,"""1965 (member page)""",,,,,,,"""Pauline Addie""",,,,
"""Coral Buttsworth""","""Coral Annabell McInnes Buttsworth""","""Australia""",,"""20 December 1985(1985-12-20) (aged 85)Hazelbrook, Australia""",,,,,,,,,,,,,,,,,,,
"""Yola Ramírez""",,"""Mexico""","""1935-03-01""",,,,,"""Right–handed""",,,,,,,,,,,,,,,
"""Martina Hingis""",,"""Switzerland""","""1980-09-30""",,"""1.70 m""",1994,"""29 October 2017""","""Right-handed (two-handed backhand)""","""Feusisberg, Switzerland""",,"US$24,749,074
 11th in all-time rankings","""2013 (member page)""",,,,,,,,,,,
"""Julia Sampson""",,"""United States""","""1934-02-02""","""December 27, 2011(2011-12-27) (aged 77)[1]Newport Beach, California, US""",,,1958,,,,,,,,,,,,,,,,
"""Mabel Cahill""","""Mabel Esmonde Cahill""","""Ireland""","""1863-04-02""","""1 January 1905(1905-01-01) (aged 41)Ireland""",,,,"""Right-handed""",,,,"""1976 (member page)""",,,,,,,,,,,
"""Ann Haydon""","""Ann Shirley Jones""","""Great Britain""","""1938-10-07""",,,,,"""Left-handed""",,,,"""1985 (member page)""",,,,,,,,,,,
"""Ann Jones""",,"""Great Britain""","""1938-10-07""",,,,,"""Left-handed""",,,,,,,,,,,,,,,
"""Dorothy Green""",,"""United States""","""1897-03-31""","""13 December 1964(1964-12-13) (aged 67)""",,,,,,,,,,,,,,,,,,,
"""Sloane Stephens""",,"""United States""","""1993-03-20""",,"""1.70 m""","""2009""",,"""Right-handed (two-handed backhand)""","""Fort Lauderdale, Florida, U.S.""","""Kamau Murray (2015–18, 2019–)""","""US$ 15,634,732""",,,"""sloanestephens.com""",,,,,,,,,
"""Francesca Schiavone""",,"""Italy""","""1980-06-23""",,"""1.66 m""",1998,2018,"""Right-handed (one-handed backhand)""","""Milan, Lombardy""",,"""$11,324,245""",,,"""schiavonefrancesca.com""",,,,,,,,,
"""Margaret Molesworth""","""Maud Margaret Mutch Molesworth""","""Australia""","""1894-10-18""","""9 July 1985(1985-07-09) (aged 90)Sydney, New South Wales, Australia""",,,,,,,,,,,,,,,,,,,
"""Sara Errani""",,"""Italy""","""1987-04-29""",,"""1.64 m""",2002,,"""Right-handed (two-handed backhand)""","""Bologna, Italy""","""Pablo Lozano (2004–2016)Michele Montalbini (2017)""","""$13,532,815""",,,"""sara-errani.com""",,,,,,,,,
"""Helen Hellwig""",,"""United States""","""1874-03-04""","""November 26, 1960(1960-11-26) (aged 86)Manhattan, New York""",,,,,,,,,,,,,,,,,,,
"""Iga Świątek""",,"""Poland""","""2001-05-31""",,"""1.76 m""",,,"""Right-handed (two-handed backhand)""","""Raszyn, Poland""","""Piotr Sierzputowski""","""US$3,299,952""",,,,,,,,,,,,
"""Roberta Vinci""",,"""Italy""","""1983-02-18""",,"""1.63 m""",1999,"""14 May 2018""","""Right-handed (one-handed backhand)""","""Palermo, Italy""",,"""$11,808,215""",,,,,,,,,,,,
"""Emily Westacott""","""Emily Jane Lucy Harding Hood""","""Australia""","""1910-05-06""","""9 October 1980(1980-10-09) (aged 70)""",,,,,,,,,,,,,,,,,,,
"""Kerry Reid""","""Kerry Melville Reid""","""Australia""","""1947-08-07""",,"""167 cm""",,1979,"""Right-handed (one-handed backhand)""",,,,,,,,,,,,,,,
"""Anke Huber""",,"""Germany""","""1974-12-04""",,"""1.73 m""",1989,"""31 October 2001""","""Right-handed (two-handed backhand)""","""Ludwigshafen, Germany""",,"""$4,768,292""",,,,,,,,,,,,
"""Marion Bartoli""",,"""France""","""1984-10-02""",,"""1.70 m""","""February 2000""","""14 August 2013""","""Right-handed (two-handed both sides)""","Geneva,
Switzerland","""Walter Bartoli""","""$11,055,114""",,,,,,,,,,,,
"""Phoebe Holcroft Watson""","""Phoebe Catherine Holcroft Watson""","""United Kingdom""","""1898-10-07""","""20 October 1980(1980-10-20) (aged 82)""",,,,,,,,,,,,,,,,,,,
"""Augusta Schultz""",,"""United States""",,"""September 30, 1925(1925-09-30) (aged 54) Asheville, North Carolina""",,,,,,,,,,,,,,,,,,,
"""Li Na""",,"""China""","""1982-02-26""",,"""1.72 m""",1999,"""April 2002–May 2004,  19 September 2014""","""Right-handed (two-handed backhand)""","""Wuhan, Hubei""","""Jiang Shan (2006–2012)Thomas Högstedt (2009–2010)Michael Mortensen (2011)Carlos Rodríguez (2012–2014)""","$16,709,074
 25th in all-time rankings",,,,,"""Huazhong University of Science and Technology (B.A.)""",,,,,,,
"""Venus Williams""",,"""United States""","""1980-06-17""",,"""1.85 m""","""October 31, 1994 (aged 14)""",,"""Right-handed (two-handed backhand)""","""Palm Beach Gardens, Florida, U.S.""","""Richard WilliamsOracene PriceDavid Witt (2007–2018)Eric Hechtman (2019-present)""","US$42,065,362
2nd in all-time rankings",,,"""venuswilliams.com""","""Indiana University East (BSBA)""",,,,,,,,
"""Nancy Richey""",,"""United States""","""1942-08-23""",,"""1.60 m""",,,"""Right-handed""",,,,"""2003 (member page)""",,,,,,,,,,,
"""Blanche Bingley Hillyard""","""Blanche Bingley Hillyard""","""United Kingdom""","""1863-11-03""","""6 August 1946(1946-08-06) (aged 82)West Sussex, England""",,,,"""Right-handed""",,,,"""2013 (member page)""",,,,,,,,,,,
"""Hazel Hotchkiss Wightman""","""Hazel Virginia Hotchkiss Wightman""","""United States""","""1886-12-20""","""December 5, 1974(1974-12-05) (aged 87)Newton, Massachusetts, U.S.""",,,,"""Right-handed""",,,,"""1957 (member page)""",,,,,,,"""Hazel Wightman""",,,,
"""Joyce Fitch""",,"""Australia""","""1922-04-03""","""26 July 2012(2012-07-26) (aged 90)Auckland, New Zealand""",,,,,"""Victoria, Australia""",,,,,,,,,,,,,,
"""Mary Carter""",,"""Australia""","""1934-11-29""",,,,,,,,,,,,,,,,,,,,
"""Lottie Dod""","""Charlotte ""Lottie"" Dod""","""United Kingdom""","""1871-09-24""","""27 June 1960(1960-06-27) (aged 88)Sway, England""","""1.69 m""",,,"""Right-handed""",,,,"""1983 (member page)""",,,,,,,,,,,
"""Natasha Zvereva""",,"""Soviet Union (1988–1991),  CIS (1992),  Unified Team (1992),  Belarus (from 1993)""","""1971-04-16""",,"""1.74 m""","""May 1988""",2002,"""Right-handed (two-handed backhand)""","""Minsk, Belarus""",,"""$7,792,503""","""2010 (member page)""",,,,,,,,,,,
"""Hana Mandlíková""",,"""Czechoslovakia Australia""","""1962-02-19""",,"""1.73 m""",1978,1990,"""Right-handed (one handed-backhand)""","""Prague, Czech Republic & Delray Beach, Florida""",,"""$3,340,959""","""1994 (member page)""",,,,,,,,,,,
"""Anita Lizana""","""Anita Lizana de Ellis""","""Chile""","""1915-11-19""","""21 August 1994(1994-08-21) (aged 78)Sutton, London, England""","""1.59 m""",,,"""Right-handed""",,,,,,,,,,,,,,,
"""Angela Mortimer""",,"""Great Britain""","""1932-04-21""",,,,,,,,,"""1993 (member page)""",,,,,,,,,,,
"""Ellen C. Roosevelt""","""Ellen Crosby Roosevelt""","""USA""","""1868-08-20""","""September 26, 1954(1954-09-26) (aged 86)Hyde Park, New York, U.S.""",,,,,,,,"""1975 (member page)""",,,,,,,,,,,
"""Nelly Adamson""",,"""Belgium (1933-1936) France (1937 onwards)""","""1916-12-27""","""22 February 2010(2010-02-22) (aged 93)""",,,,,,,,,,,,,,,,,,,
"""Christine Truman""",,"""United Kingdom""","""1941-01-16""",,,,,"""Right-handed""",,,,,,,,,,,"""Christine Janes""",,,,
"""Alice Marble""",,"""United States""","""1913-09-28""","""December 13, 1990(1990-12-13) (aged 77)Palm Springs, California, U.S.""",,,,,,,,"""1964 (member page)""",,,,,,,,,,,
"""Marie Toomey""",,"""Australia""","""1923-10-03""","""29 March 2014(2014-03-29)""",,,,,,,,,,,,,,,,,,,
"""Margaret Court""",,"""Australia""","""1942-07-16""",,"""175 cm""",1960,1977,"""Right-handed (one-handed backhand)""","""Perth, Western Australia""",,,"""1979 (member page)""",,,,,,,,,,,
"""Dorothy Bundy""","""Dorothy May Sutton Bundy Cheney""","""United States""","""1916-09-01""","""November 23, 2014(2014-11-23) (aged 98)Escondido, California, U.S.""",,,,,,,,"""2004 (member page)""",,,,,,,,,,,
"""Cilly Aussem""","""Cäcilia Edith Aussem""","""Weimar Republic  Nazi Germany (1933–1934)""","""1909-01-04""","""22 March 1963(1963-03-22) (aged 54)Portofino. Italy""",,,1935,"""Right-handed (one-handed backhand)""",,,,,,,,,,,,,,,
"""Maud Watson""","""Maud Edith Eleanor Watson""","""United Kingdom""","""1864-10-09""","""5 June 1946(1946-06-05) (aged 81)Charmouth, Dorset, England""",,1881,1889,"""Right-handed""",,,,,,,,,,,,,,,
"""Nell Hopman""","""Eleanor Mary Hall Hopman""","""Australia""","""1909-03-09""","""10 January 1968(1968-01-10) (aged 58)Hawthorn, Victoria""",,,1966,,,,,,,,,,,,,,,,
"""Jan Lehane""",,"""Australia""","""1941-07-09""",,,,,"""Right-handed (double-handed backhand)""",,,,,,,,,,,"""Jan O'Neill""",,,,
"""Marion Jones""",,"""United States""","""1975-10-12""",,,,,,,,,,,,,,,,,,,"""5 ft 10 in (1.78 m)""","""150 lb (68 kg)"""
"""Svetlana Kuznetsova""",,"""Russia""","""1985-06-27""",,"""1.74 m""",2000,,"""Right-handed (two-handed backhand)""","""Moscow, Russia""","""Javier Piles""","$25,589,428
 10th in all-time rankings",,,,,,,,,,,,
"""Dorothy Head Knode""",,"""United States""","""1925-07-04""","""October 25, 2015(2015-10-25) (aged 90)Novato, California, U.S.""",,,,"""Right-handed""",,,,,,,,,,,,,,,
