Year,Tournament,Winner,Runner-up,Score
2021,Australian Open,Naomi Osaka,Jennifer Brady,"6–4, 6–3"
2020,French Open,Iga Świątek,Sofia Kenin,"6–4, 6–1"
2020,US Open,Naomi Osaka,Victoria Azarenka,"1–6, 6–3, 6–3"
2020,Australian Open,Sofia Kenin,Garbiñe Muguruza,"4–6, 6–2, 6–2"
2019,US Open,Bianca Andreescu,Serena Williams,"6–3, 7–5"
2019,Wimbledon,Simona Halep,Serena Williams,"6–2, 6–2"
2019,French Open,Ashleigh Barty,Markéta Vondroušová,"6–1, 6–3"
2019,Australian Open,Naomi Osaka,Petra Kvitová,"7–6(2), 5–7, 6–4"
2018,US Open,Naomi Osaka,Serena Williams,"6–2, 6–4"
2018,Wimbledon,Angelique Kerber,Serena Williams,"6–3, 6–3"
2018,French Open,Simona Halep,Sloane Stephens,"3–6, 6–4, 6–1"
2018,Australian Open,Caroline Wozniacki,Simona Halep,"7–6(2), 3–6, 6–4"
2017,US Open,Sloane Stephens,Madison Keys,"6–3, 6–0"
2017,Wimbledon,Garbiñe Muguruza,Venus Williams,"7–5, 6–0"
2017,French Open,Jeļena Ostapenko,Simona Halep,"4–6, 6–4, 6–3"
2017,Australian Open,Serena Williams,Venus Williams,"6–4, 6–4"
2016,U.S. Open,Angelique Kerber,Karolína Plíšková,"6–3, 4–6, 6–4"
2016,Wimbledon,Serena Williams,Angelique Kerber,"7–5, 6–3"
2016,French Open,Garbiñe Muguruza,Serena Williams,"7–5, 6–4"
2016,Australian Open,Angelique Kerber,Serena Williams,"6–4, 3–6, 6–4"
2015,US Open,Flavia Pennetta,Roberta Vinci,"7–6(4), 6–2"
2015,Wimbledon Championships (Open Era),Serena Williams,Garbiñe Muguruza,"6–4, 6–4"
2015,French Open,Serena Williams,Lucie Šafářová,"6–3, 6–7(2), 6–2"
2015,Australian Open,Serena Williams,Maria Sharapova,"6–3, 7–6(5)"
2014,US Open,Serena Williams,Caroline Wozniacki,"6–3, 6–3"
2014,Wimbledon Championships (Open Era),Petra Kvitová,Eugenie Bouchard,"6–3, 6–0"
2014,French Open,Maria Sharapova,Simona Halep,"6–4, 6–7(5), 6–4"
2014,Australian Open,Li Na,Dominika Cibulková,"7–6(3), 6–0"
2013,US Open,Serena Williams,Victoria Azarenka,"7–5, 6–7(6), 6–1"
2013,Wimbledon Championships (Open Era),Marion Bartoli,Sabine Lisicki,"6–1, 6–4"
2013,French Open,Serena Williams,Maria Sharapova,"6–4, 6–4"
2013,Australian Open,Victoria Azarenka,Li Na,"4–6, 6–4, 6–3"
2012,US Open,Serena Williams,Victoria Azarenka,"6–2, 2–6, 7–5"
2012,Wimbledon Championships (Open Era),Serena Williams,Agnieszka Radwańska,"6–1, 5–7, 6–2"
2012,French Open,Maria Sharapova,Sara Errani,"6–3, 6–2"
2012,Australian Open,Victoria Azarenka,Maria Sharapova,"6–3, 6–0"
2011,US Open,Samantha Stosur,Serena Williams,"6–2, 6–3"
2011,Wimbledon Championships (Open Era),Petra Kvitová,Maria Sharapova,"6–3, 6–4"
2011,French Open,Li Na,Francesca Schiavone,"6–4, 7–6(0)"
2011,Australian Open,Kim Clijsters,Li Na,"3–6, 6–3, 6–3"
2010,US Open,Kim Clijsters,Vera Zvonareva,"6–2, 6–1"
2010,Wimbledon Championships (Open Era),Serena Williams,Vera Zvonareva,"6–3, 6–2"
2010,French Open,Francesca Schiavone,Samantha Stosur,"6–4, 7–6(2)"
2010,Australian Open,Serena Williams,Justine Henin,"6–4, 3–6, 6–2"
2009,US Open,Kim Clijsters,Caroline Wozniacki,"7–5, 6–3"
2009,Wimbledon Championships (Open Era),Serena Williams,Venus Williams,"7–6(3), 6–2"
2009,French Open,Svetlana Kuznetsova,Dinara Safina,"6–4, 6–2"
2009,Australian Open,Serena Williams,Dinara Safina,"6–0, 6–3"
2008,US Open,Serena Williams,Jelena Janković,"6–4, 7–5"
2008,Wimbledon Championships (Open Era),Venus Williams,Serena Williams,"7–5, 6–4"
2008,French Open,Ana Ivanovic,Dinara Safina,"6–4, 6–3"
2008,Australian Open,Maria Sharapova,Ana Ivanovic,"7–5, 6–3"
2007,US Open,Justine Henin,Svetlana Kuznetsova,"6–1, 6–3"
2007,Wimbledon Championships (Open Era),Venus Williams,Marion Bartoli,"6–4, 6–1"
2007,French Open,Justine Henin,Ana Ivanovic,"6–1, 6–2"
2007,Australian Open,Serena Williams,Maria Sharapova,"6–1, 6–2"
2006,US Open,Maria Sharapova,Justine Henin,"6–4, 6–4"
2006,Wimbledon Championships (Open Era),Amélie Mauresmo,Justine Henin,"2–6, 6–3, 6–4"
2006,French Open,Justine Henin,Svetlana Kuznetsova,"6–4, 6–4"
2006,Australian Open,Amélie Mauresmo,Justine Henin,"6–1, 2–0 (ret.)"
2005,US Open,Kim Clijsters,Mary Pierce,"6–3, 6–1"
2005,Wimbledon Championships (Open Era),Venus Williams,Lindsay Davenport,"4–6, 7–6(4), 9–7"
2005,French Open,Justine Henin,Mary Pierce,"6–1, 6–1"
2005,Australian Open,Serena Williams,Lindsay Davenport,"2–6, 6–3, 6–0"
2004,US Open,Svetlana Kuznetsova,Elena Dementieva,"6–3, 7–5"
2004,Wimbledon Championships (Open Era),Maria Sharapova,Serena Williams,"6–1, 6-4"
2004,French Open,Anastasia Myskina,Elena Dementieva,"6–1, 6–2"
2004,Australian Open,Justine Henin,Kim Clijsters,"6–3, 4–6, 6–3"
2003,US Open,Justine Henin,Kim Clijsters,"7–5, 6–1"
2003,Wimbledon Championships (Open Era),Serena Williams,Venus Williams,"4–6, 6–4, 6–2"
2003,French Open,Justine Henin,Kim Clijsters,"6–0, 6–4"
2003,Australian Open,Serena Williams,Venus Williams,"7–6(4), 3–6, 6–4"
2002,US Open,Serena Williams,Venus Williams,"6–4, 6–3"
2002,Wimbledon Championships (Open Era),Serena Williams,Venus Williams,"7–6(4), 6–3"
2002,French Open,Serena Williams,Venus Williams,"7–5, 6–3"
2002,Australian Open,Jennifer Capriati,Martina Hingis,"4–6, 7–6(7), 6–2"
2001,US Open,Venus Williams,Serena Williams,"6–2, 6–4"
2001,Wimbledon Championships (Open Era),Venus Williams,Justine Henin,"6–1, 3–6, 6–0"
2001,French Open,Jennifer Capriati,Kim Clijsters,"1–6, 6–4, 12–10"
2001,Australian Open,Jennifer Capriati,Martina Hingis,"6–4, 6–3"
2000,US Open,Venus Williams,Lindsay Davenport,"6–4, 7–5"
2000,Wimbledon Championships (Open Era),Venus Williams,Lindsay Davenport,"6–3, 7–6(3)"
2000,French Open,Mary Pierce,Conchita Martínez,"6–2, 7–5"
2000,Australian Open,Lindsay Davenport,Martina Hingis,"6–1, 7–5"
1999,US Open,Serena Williams,Martina Hingis,"6–3, 7–6(4)"
1999,Wimbledon Championships (Open Era),Lindsay Davenport,Steffi Graf,"6–4, 7–5"
1999,French Open,Steffi Graf,Martina Hingis,"4–6, 7–5, 6–2"
1999,Australian Open,Martina Hingis,Amélie Mauresmo,"6–2, 6–3"
1998,US Open,Lindsay Davenport,Martina Hingis,"6–3, 7–5"
1998,Wimbledon Championships (Open Era),Jana Novotná,Nathalie Tauziat,"6–4, 7–6(2)"
1998,French Open,Arantxa Sánchez Vicario,Monica Seles,"7–6(5), 0–6, 6–2"
1998,Australian Open,Martina Hingis,Conchita Martínez,"6–3, 6–3"
1997,US Open,Martina Hingis,Venus Williams,"6–0, 6–4"
1997,Wimbledon Championships (Open Era),Martina Hingis,Jana Novotná,"2–6, 6–3, 6–3"
1997,French Open,Iva Majoli,Martina Hingis,"6–4, 6–2"
1997,Australian Open,Martina Hingis,Mary Pierce,"6–2, 6–2"
1996,US Open,Steffi Graf,Monica Seles,"7–5, 6–4"
1996,Wimbledon Championships (Open Era),Steffi Graf,Arantxa Sánchez Vicario,"6–3, 7–5"
1996,French Open,Steffi Graf,Arantxa Sánchez Vicario,"6–3, 6–7(4), 10–8"
1996,Australian Open,Monica Seles,Anke Huber,"6–4, 6–1"
1995,US Open,Steffi Graf,Monica Seles,"7–6(6), 0–6, 6–3"
1995,Wimbledon Championships (Open Era),Steffi Graf,Arantxa Sánchez Vicario,"4–6, 6–1, 7–5"
1995,French Open,Steffi Graf,Arantxa Sánchez Vicario,"7–5, 4–6, 6–0"
1995,Australian Open,Mary Pierce,Arantxa Sánchez Vicario,"6–3, 6–2"
1994,US Open,Arantxa Sánchez Vicario,Steffi Graf,"1–6, 7–6(3), 6–4"
1994,Wimbledon Championships (Open Era),Conchita Martínez,Martina Navratilova,"6–4, 3–6, 6–3"
1994,French Open,Arantxa Sánchez Vicario,Mary Pierce,"6–4, 6–4"
1994,Australian Open,Steffi Graf,Arantxa Sánchez Vicario,"6–0, 6–2"
1993,US Open,Steffi Graf,Helena Suková,"6–3, 6–3"
1993,Wimbledon Championships (Open Era),Steffi Graf,Jana Novotná,"7–6(6), 1–6, 6–4"
1993,French Open,Steffi Graf,Mary Joe Fernández,"4–6, 6–2, 6–4"
1993,Australian Open,Monica Seles,Steffi Graf,"4–6, 6–3, 6–2"
1992,US Open,Monica Seles,Arantxa Sánchez Vicario,"6–3, 6–3"
1992,Wimbledon Championships (Open Era),Steffi Graf,Monica Seles,"6–2, 6–1"
1992,French Open,Monica Seles,Steffi Graf,"6–2, 3–6, 10–8"
1992,Australian Open,Monica Seles,Mary Joe Fernández,"6–2, 6–3"
1991,US Open,Monica Seles,Martina Navratilova,"7–6(1), 6–1"
1991,Wimbledon Championships (Open Era),Steffi Graf,Gabriela Sabatini,"6–4, 3–6, 8–6"
1991,French Open,Monica Seles,Arantxa Sánchez Vicario,"6–3, 6–4"
1991,Australian Open,Monica Seles,Jana Novotná,"5–7, 6–3, 6–1"
1990,US Open,Gabriela Sabatini,Steffi Graf,"6–2, 7–6(4)"
1990,Wimbledon Championships (Open Era),Martina Navratilova,Zina Garrison,"6–4, 6–1"
1990,French Open,Monica Seles,Steffi Graf,"7–6(6), 6–4"
1990,Australian Open,Steffi Graf,Mary Joe Fernández,"6–3, 6–4"
1989,US Open,Steffi Graf,Martina Navratilova,"3–6, 7–5, 6–1"
1989,Wimbledon Championships (Open Era),Steffi Graf,Martina Navratilova,"6–2, 6–7(1), 6–1"
1989,French Open,Arantxa Sánchez Vicario,Steffi Graf,"7–6(6), 3–6, 7–5"
1989,Australian Open,Steffi Graf,Helena Suková,"6–4, 6–4"
1988,US Open,Steffi Graf,Gabriela Sabatini,"6–3, 3–6, 6–1"
1988,Wimbledon Championships (Open Era),Steffi Graf,Martina Navratilova,"5–7, 6–2, 6–1"
1988,French Open,Steffi Graf,Natasha Zvereva,"6–0, 6–0"
1988,Australian Open,Steffi Graf,Chris Evert,"6–1, 7–6(3)"
1987,US Open,Martina Navratilova,Steffi Graf,"7–6(4), 6–1"
1987,Wimbledon Championships (Open Era),Martina Navratilova,Steffi Graf,"7–5, 6–3"
1987,French Open,Steffi Graf,Martina Navratilova,"6–4, 4–6, 8–6"
1987,Australian Open,Hana Mandlíková,Martina Navratilova,"7–5, 7–6(1)"
1986,US Open,Martina Navratilova,Helena Suková,"6–3, 6–2"
1986,Wimbledon Championships (Open Era),Martina Navratilova,Hana Mandlíková,"7–6(1), 6–3"
1986,French Open,Chris Evert,Martina Navratilova,"2–6, 6–3, 6–3"
1985,Australian Open,Martina Navratilova,Chris Evert,"6–2, 4–6, 6–2"
1985,US Open,Hana Mandlíková,Martina Navratilova,"7–6(3), 1–6, 7–6(2)"
1985,Wimbledon Championships (Open Era),Martina Navratilova,Chris Evert,"4–6, 6–3, 6–2"
1985,French Open,Chris Evert,Martina Navratilova,"6–3, 6–7(4), 7–5"
1984,Australian Open,Chris Evert,Helena Suková,"6–7(4), 6–1, 6–3"
1984,US Open,Martina Navratilova,Chris Evert,"4–6, 6–4, 6–4"
1984,Wimbledon Championships (Open Era),Martina Navratilova,Chris Evert,"7–6(5), 6–2"
1984,French Open,Martina Navratilova,Chris Evert,"6–3, 6–1"
1983,Australian Open,Martina Navratilova,Kathy Jordan,"6–2, 7–6(5)"
1983,US Open,Martina Navratilova,Chris Evert,"6–1, 6–3"
1983,Wimbledon Championships (Open Era),Martina Navratilova,Andrea Jaeger,"6–0, 6–3"
1983,French Open,Chris Evert,Mima Jaušovec,"6–1, 6–2"
1982,Australian Open,Chris Evert,Martina Navratilova,"6–3, 2–6, 6–3"
1982,US Open,Chris Evert,Hana Mandlíková,"6–3, 6–1"
1982,Wimbledon Championships (Open Era),Martina Navratilova,Chris Evert,"6–1, 3–6, 6–2"
1982,French Open,Martina Navratilova,Andrea Jaeger,"7–6(6), 6–1"
1981,Australian Open,Martina Navratilova,Chris Evert,"6–7(4), 6–4, 7–5"
1981,US Open,Tracy Austin,Martina Navratilova,"1–6, 7–6(4), 7–6(1)"
1981,Wimbledon Championships (Open Era),Chris Evert,Hana Mandlíková,"6–2, 6–2"
1981,French Open,Hana Mandlíková,Sylvia Hanika,"6–2, 6–4"
1980,Australian Open,Hana Mandlíková,Wendy Turnbull,"6–0, 7–5"
1980,US Open,Chris Evert,Hana Mandlíková,"5–7, 6–1, 6–1"
1980,Wimbledon Championships (Open Era),Evonne Goolagong Cawley,Chris Evert,"6–1, 7–6"
1980,French Open,Chris Evert,Virginia Ruzici,"6–0, 6–3"
1979,Australian Open,Barbara Jordan,Sharon Walsh,"6–3, 6–3"
1979,US Open,Tracy Austin,Chris Evert,"6–4, 6–3"
1979,Wimbledon Championships (Open Era),Martina Navratilova,Chris Evert,"6–4, 6–4"
1979,French Open,Chris Evert,Wendy Turnbull,"6–2, 6–0"
1978,Australian Open,Chris O'Neil,Betsy Nagelsen,"6–3, 7–6(3)"
1978,US Open,Chris Evert,Pam Shriver,"7–5, 6–4"
1978,Wimbledon Championships (Open Era),Martina Navratilova,Chris Evert,"2–6, 6–4, 7–5"
1978,French Open,Virginia Ruzici,Mima Jaušovec,"6–2, 6–2"
1977 (2),Australian Open,Evonne Goolagong Cawley,Helen Gourlay,"6–3, 6–0"
1977,US Open,Chris Evert,Wendy Turnbull,"7–6, 6–2"
1977,Wimbledon Championships (Open Era),Virginia Wade,Betty Stöve,"4–6, 6–3, 6–1"
1977,French Open,Mima Jaušovec,Florența Mihai,"6–2, 6–7, 6–1"
1977 (1),Australian Open,Kerry Reid,Dianne Fromholtz,"7–5, 6–2"
1976,US Open,Chris Evert,Evonne Goolagong Cawley,"6–3, 6–0"
1976,Wimbledon Championships (Open Era),Chris Evert,Evonne Goolagong Cawley,"6–3, 4–6, 8–6"
1976,French Open,Sue Barker,Renáta Tomanová,"6–2, 0–6, 6–2"
1976,Australian Open,Evonne Goolagong-Cawley,Renáta Tomanová,"6–2, 6–2"
1975,US Open,Chris Evert,Evonne Goolagong Cawley,"5–7, 6–4, 6–2"
1975,Wimbledon Championships (Open Era),Billie Jean King,Evonne Goolagong Cawley,"6–0, 6–1"
1975,French Open,Chris Evert,Martina Navratilova,"2–6, 6–2, 6–1"
1975,Australian Open,Evonne Goolagong Cawley,Martina Navratilova,"6–3, 6–2"
1974,US Open,Billie Jean King,Evonne Goolagong Cawley,"3–6, 6–3, 7–5"
1974,Wimbledon Championships (Open Era),Chris Evert,Olga Morozova,"6–0, 6–4"
1974,French Open,Chris Evert,Olga Morozova,"6–1, 6–2"
1974,Australian Open,Evonne Goolagong Cawley,Chris Evert,"7–6(5), 4–6, 6–0"
1973,US Open,Margaret Court,Evonne Goolagong Cawley,"7–6, 5–7, 6–2"
1973,Wimbledon Championships (Open Era),Billie Jean King,Chris Evert,"6–0, 7–5"
1973,French Open,Margaret Court,Chris Evert,"6–7(5), 7–6(6), 6–4"
1973,Australian Open,Margaret Court,Evonne Goolagong Cawley,"6–4, 7–5"
1972,US Open,Billie Jean King,Kerry Melville,"6–3, 7–5"
1972,Wimbledon Championships (Open Era),Billie Jean King,Evonne Goolagong Cawley,"6–3, 6–3"
1972,French Open,Billie Jean King,Evonne Goolagong Cawley,"6–3, 6–3"
1972,Australian Open,Virginia Wade,Evonne Goolagong Cawley,"6–4, 6–4"
1971,US Open,Billie Jean King,Rosemary Casals,"6–4, 7–6"
1971,Wimbledon Championships (Open Era),Evonne Goolagong Cawley,Margaret Court,"6–4, 6–1"
1971,French Open,Evonne Goolagong Cawley,Helen Gourlay,"6–3, 7-5"
1971,Australian Open,Margaret Court,Evonne Goolagong Cawley,"2–6, 7–6(0), 7–5"
1970,US Open,Margaret Court,Rosemary Casals,"6–2, 2–6, 6–1"
1970,Wimbledon Championships (Open Era),Margaret Court,Billie Jean King,"14–12, 11–9"
1970,French Open,Margaret Court,Helga Niessen,"6–2, 6–4"
1970,Australian Open,Margaret Court,Kerry Melville,"6–1, 6–3"
1969,US Open,Margaret Court,Nancy Richey,"6–2, 6–2"
1969,Wimbledon Championships (Open Era),Ann Haydon-Jones,Billie Jean King,"3–6, 6–3, 6–2"
1969,French Open,Margaret Court,Ann Jones,"6–1, 4–6, 6–3"
1969,Australian Open,Margaret Court,Billie Jean King,"6–4, 6–1"
1968,US Open,Virginia Wade,Billie Jean King,"6–4, 6–4"
1968,Wimbledon Championships (Open Era),Billie Jean King,Judy Tegart,"9–7, 7–5"
1968,French Open,Nancy Richey,Ann Jones,"5–7, 6–4, 6–1"
1968,Australian Championships,Billie Jean King,Margaret Court,"6–1, 6–2"
1967,U.S. National Championships,Billie Jean King,Ann Haydon-Jones,"11–9, 6–4"
1967,Wimbledon Championships,Billie Jean King,Ann Jones,"6–3, 6–4"
1967,French Championships,Françoise Dürr,Lesley Turner,"4–6, 6–3, 6–4"
1967,Australian Championships,Nancy Richey,Lesley Turner,"6–1, 6–4"
1966,U.S. National Championships,Maria Bueno,Nancy Richey,"6–3, 6–1"
1966,Wimbledon Championships,Billie Jean King,Maria Bueno,"6–3, 3–6, 6–1"
1966,French Championships,Ann Haydon-Jones,Nancy Richey,"6–3, 6–1"
1966,Australian Championships,Margaret Smith,Nancy Richey,walkover
1965,U.S. National Championships,Margaret Smith,Billie Jean Moffitt,"8–6, 7–5"
1965,Wimbledon Championships,Margaret Smith,Maria Bueno,"6–4, 7–5"
1965,French Championships,Lesley Turner,Margaret Smith,"6–3, 6–4"
1965,Australian Championships,Margaret Smith,Maria Bueno,"5–7, 6–4, 5–2, ret"
1964,U.S. National Championships,Maria Bueno,Carole Caldwell Graebner,"6–1, 6–0"
1964,Wimbledon Championships,Maria Bueno,Margaret Smith,"6–4, 7–9, 6–3"
1964,French Championships,Margaret Smith,Maria Bueno,"5–7, 6–1, 6–2"
1964,Australian Championships,Margaret Smith,Lesley Turner,"6–3, 6–2"
1963,U.S. National Championships,Maria Bueno,Margaret Smith,"7–5, 6–4"
1963,Wimbledon Championships,Margaret Smith,Billie Jean Moffitt,"6–3, 6–4"
1963,French Championships,Lesley Turner,Ann Jones,"2–6, 6–3, 7–5"
1963,Australian Championships,Margaret Smith,Jan Lehane,"6–2, 6–2"
1962,U.S. National Championships,Margaret Smith,Darlene R. Hard,"9–7, 6–4"
1962,Wimbledon Championships,Karen Susman,Vera Suková,"6–4, 6–4"
1962,French Championships,Margaret Smith,Lesley Turner,"6–3, 3–6, 7–5"
1962,Australian Championships,Margaret Smith,Jan Lehane,"6–0, 6–2"
1961,U.S. National Championships,Darlene R. Hard,Ann Haydon,"6–3, 6–4"
1961,Wimbledon Championships,Angela Mortimer,Christine Truman,"4–6, 6–4, 7–5"
1961,French Championships,Ann Haydon,Yola Ramírez,"6–2, 6–1"
1961,Australian Championships,Margaret Smith,Jan Lehane,"6–1, 6–4"
1960,U.S. National Championships,Darlene R. Hard,Maria Bueno,"6–4, 10–12, 6–4"
1960,Wimbledon Championships,Maria Bueno,Sandra Reynolds,"8–6, 6–0"
1960,French Championships,Darlene R. Hard,Yola Ramírez,"6–3, 6–4"
1960,Australian Championships,Margaret Smith,Jan Lehane,"7–5, 6–2"
1959,U.S. National Championships,Maria Bueno,Christine Truman,"6–1, 6–4"
1959,Wimbledon Championships,Maria Bueno,Darlene Hard,"6–4, 6–3"
1959,French Championships,Christine Truman,Zsuzsi Körmöczy,"6–4, 7–5"
1959,Australian Championships,Mary Carter Reitano,Renée Schuurman,"6–2, 6–3"
1958,U.S. National Championships,Althea Gibson,Darlene R. Hard,"3–6, 6–1, 6–2"
1958,Wimbledon Championships,Althea Gibson,Angela Mortimer,"8–6, 6–2"
1958,French Championships,Zsuzsi Körmöczy,Shirley Bloomer,"6–4, 1–6, 6–2"
1958,Australian Championships,Angela Mortimer,Lorraine Coghlan,"6–3, 6–4"
1957,U.S. National Championships,Althea Gibson,A. Louise Brough,"6–3, 6–2"
1957,Wimbledon Championships,Althea Gibson,Darlene Hard,"6–3, 6–2"
1957,French Championships,Shirley Bloomer,Dorothy Head Knode,"6–1, 6–3"
1957,Australian Championships,Shirley Fry,Althea Gibson,"6–3, 6–4"
1956,U.S. National Championships,Shirley Fry,Althea Gibson,"6–3, 6–4"
1956,Wimbledon Championships,Shirley Fry,Angela Buxton,"6–3, 6–1"
1956,French Championships,Althea Gibson,Angela Mortimer,"6–0, 12–10"
1956,Australian Championships,Mary Carter,Thelma Long,"3–6, 6–2, 9–7"
1955,U.S. National Championships,Doris Hart,Patricia Ward,"6–4, 6–2"
1955,Wimbledon Championships,Louise Brough,Beverly Fleitz,"7–5, 8–6"
1955,French Championships,Angela Mortimer,Dorothy Head Knode,"2–6, 7–5, 10–8"
1955,Australian Championships,Beryl Penrose,Thelma Long,"6–4, 6–3"
1954,U.S. National Championships,Doris Hart,A. Louise Brough,"6–8, 6–1, 8–6"
1954,Wimbledon Championships,Maureen Connolly,Louise Brough,"6–2, 7–5"
1954,French Championships,Maureen Connolly,Ginette Bucaille,"6–4, 6–1"
1954,Australian Championships,Thelma Long,Jennifer Staley,"6–3, 6–4"
1953,U.S. National Championships,Maureen Connolly,Doris Hart,"6–2, 6–4"
1953,Wimbledon Championships,Maureen Connolly,Doris Hart,"8–6, 7–5"
1953,French Championships,Maureen Connolly,Doris Hart,"6–2, 6–4"
1953,Australian Championships,Maureen Connolly,Julia Sampson,"6–3, 6–2"
1952,U.S. National Championships,Maureen Connolly,Doris Hart,"6–3, 7–5"
1952,Wimbledon Championships,Maureen Connolly,Louise Brough,"7–5, 6–3"
1952,French Championships,Doris Hart,Shirley Fry,"6–4, 6–4"
1952,Australian Championships,Thelma Long,Helen Angwin,"6–2, 6–3"
1951,U.S. National Championships,Maureen Connolly,Shirley Fry,"6–3, 1–6, 6–4"
1951,Wimbledon Championships,Doris Hart,Shirley Fry,"6–1, 6–0"
1951,French Championships,Shirley Fry,Doris Hart,"6–3, 3–6, 6–3"
1951,Australian Championships,Nancye Wynne Bolton,Thelma Long-Coyne,"6–1, 7–5"
1950,U.S. National Championships,Margaret Osborne duPont,Doris Hart,"6–4, 6–3"
1950,Wimbledon Championships,Louise Brough,Margaret Osborne duPont,"6–1, 3–6, 6–1"
1950,French Championships,Doris Hart,Patricia Todd,"6–4, 4–6, 6–2"
1950,Australian Championships,A. Louise Brough,Doris Hart,"6–4, 3–6, 6–4"
1949,U.S. National Championships,Margaret Osborne duPont,Doris Hart,"6–3, 6–1"
1949,Wimbledon Championships,Louise Brough,Margaret Osborne duPont,"10–8, 1–6, 10–8"
1949,French Championships,Margaret Osborne duPont,Nelly Adamson,"7–5, 6–2"
1949,Australian Championships,Doris Hart,Nancye Bolton,"6–3, 6–4"
1948,U.S. National Championships,Margaret Osborne duPont,A. Louise Brough,"4–6, 6–4, 15–13"
1948,Wimbledon Championships,Louise Brough,Doris Hart,"6–3, 8–6"
1948,French Championships,Nelly Landry,Shirley Fry,"6–2, 0–6, 6–0"
1948,Australian Championships,Nancye Wynne Bolton,Marie Toomey,"6–3, 6–1"
1947,U.S. National Championships,A. Louise Brough,Margaret Osborne,"8–6, 4–6, 6–1"
1947,Wimbledon Championships,Margaret Osborne duPont,Doris Hart,"6–2, 6–4"
1947,French Championships,Patricia Todd,Doris Hart,"6–3, 3–6, 6–4"
1947,Australian Championships,Nancye Wynne Bolton,Nell Hopman,"6–3, 6–2"
1946,U.S. National Championships,Pauline Betz,Doris Hart,"11–9, 6–3"
1946,Wimbledon Championships,Pauline Betz,Louise Brough,"6–2, 6–4"
1946,French Championships,Margaret Osborne duPont,Pauline Betz,"1–6, 8–6, 7–5"
1946,Australian Championships,Nancye Wynne Bolton,Joyce Fitch,"6–4, 6–4"
1945,U.S. National Championships,Sarah Palfrey Cooke,Pauline Betz,"3–6, 8–6, 6–4"
1944,U.S. National Championships,Pauline Betz,Margaret Osborne,"6–3, 8–6"
1943,U.S. National Championships,Pauline Betz,A. Louise Brough,"6–3, 5–7, 6–3"
1942,U.S. National Championships,Pauline Betz,A. Louise Brough,"4–6, 6–1, 6–4"
1941,U.S. National Championships,Sarah Palfrey Cooke,Pauline Betz,"7–5, 6–2"
1940,U.S. National Championships,Alice Marble,Helen Jacobs,"6–2, 6–3"
1940,Australian Championships,Nancye Wynne Bolton,Thelma Coyne,"5–7, 6–4, 6–0"
1939,U.S. National Championships,Alice Marble,Helen Jacobs,"6–0, 8–10, 6–4"
1939,Wimbledon Championships,Alice Marble,Kay Stammers,"6–2, 6–0"
1939,French Championships,Simone Mathieu,Jadwiga Jędrzejowska,"6–3, 8–6"
1939,Australian Championships,Emily Westacott,Nell Hopman,"6–1, 6–2"
1938,U.S. National Championships,Alice Marble,Nancye Wynne,"6–0, 6–3"
1938,Wimbledon Championships,Helen Wills Moody,Helen Jacobs,"6–4, 6–0"
1938,French Championships,Simone Mathieu,Nelly Adamson,"6–0, 6–3"
1938,Australian Championships,Dorothy Bundy,Dorothy Stevenson,"6–3, 6–2"
1937,U.S. National Championships,Anita Lizana,Jadwiga Jędrzejowska,"6–4, 6–2"
1937,Wimbledon Championships,Dorothy Round,Jadwiga Jędrzejowska,"6–2, 2–6, 7–5"
1937,French Championships,Hilde Sperling,Simone Mathieu,"6–2, 6–4"
1937,Australian Championships,Nancye Wynne,Emily Westacott,"6–3, 5–7, 6–4"
1936,U.S. National Championships,Alice Marble,Helen Jacobs,"4–6, 6–3, 6–2"
1936,Wimbledon Championships,Helen Jacobs,Hilde Kranwinkel Sperling,"6–2, 4–6, 7–5"
1936,French Championships,Hilde Sperling,Simone Mathieu,"6–3, 6–4"
1936,Australian Championships,Joan Hartigan,Nancye Wynne,"6–4, 6–4"
1935,U.S. National Championships,Helen Jacobs,Sarah H. Palfrey,"6–2, 6–4"
1935,Wimbledon Championships,Helen Wills Moody,Helen Jacobs,"6–3, 3–6, 7–5"
1935,French Championships,Hilde Sperling,Simone Mathieu,"6–2, 6–1"
1935,Australian Championships,Dorothy Round,Nancy Lyle,"1–6, 6–1, 6–3"
1934,U.S. National Championships,Helen Jacobs,Sarah H. Palfrey,"6–1, 6–4"
1934,Wimbledon Championships,Dorothy Round,Helen Jacobs,"6–2, 5–7, 6–3"
1934,French Championships,Margaret Scriven,Helen Jacobs,"7–5, 4–6, 6–1"
1934,Australian Championships,Joan Hartigan,Margaret Molesworth,"6–1, 6–4"
1933,U.S. National Championships,Helen Jacobs,Helen Wills Moody,"8–6, 3–6, 3–0, ret"
1933,Wimbledon Championships,Helen Wills Moody,Dorothy Round,"6–4, 6–8, 6–3"
1933,French Championships,Margaret Scriven,Simone Mathieu,"6–2, 4–6, 6–4"
1933,Australian Championships,Joan Hartigan,Coral Buttsworth,"6–4, 6–3"
1932,U.S. National Championships,Helen Jacobs,Carolin A. Babcock,"6–2, 6–2"
1932,Wimbledon Championships,Helen Wills Moody,Helen Jacobs,"6–3, 6–1"
1932,French Championships,Helen Wills Moody,Simone Mathieu,"7–5, 6–1"
1932,Australian Championships,Coral Buttsworth,Katherine Le Messurier,"9–7, 6–4"
1931,U.S. National Championships,Helen Wills Moody,Eileen Bennett Whitingstall,"6–4, 6–1"
1931,Wimbledon Championships,Cilly Aussem,Hilde Kranwinkel,"6–2, 7–5"
1931,French Championships,Cilly Aussem,Betty Nuthall,"8–6, 6–1"
1931,Australian Championships,Coral Buttsworth,Margorie Crawford,"1–6, 6–3, 6–4"
1930,U.S. National Championships,Betty Nuthall,Anna McCune Harper,"6–1, 6–4"
1930,Wimbledon Championships,Helen Wills Moody,Elizabeth Ryan,"6–2, 6–2"
1930,French Championships,Helen Wills Moody,Helen Jacobs,"6–2, 6–1"
1930,Australian Championships,Daphne Akhurst,Sylvia Harper,"10–8, 2–6, 7–5"
1929,U.S. National Championships,Helen Wills,Phoebe Holcroft Watson,"6–4, 6–2"
1929,Wimbledon Championships,Helen Wills,Helen Jacobs,"6–1, 6–2"
1929,French Championships,Helen Wills,Simone Mathieu,"6–3, 6–4"
1929,Australian Championships,Daphne Akhurst,Louise Bickerton,"6–1, 5–7, 6–2"
1928,U.S. National Championships,Helen Wills,Helen J. Jacobs,"6–2, 6–1"
1928,Wimbledon Championships,Helen Wills,Lili de Alvarez,"6–2, 6–3"
1928,French Championships,Helen Wills,E. Bennett,"6–1, 6–2"
1928,Australian Championships,Daphne Akhurst,Esna Boyd,"7–5, 6–2"
1927,U.S. National Championships,Helen Wills,Betty Nuthall,"6–1, 6–4"
1927,Wimbledon Championships,Helen Wills,Lili de Alvarez,"6–2, 6–4"
1927,French Championships,Kornelia Bouman,Irene Peacock,"6–2, 6–4"
1927,Australian Championships,Esna Boyd,Sylvia Harper,"5–7, 6–1, 6–2"
1926,U.S. National Championships,Molla B. Mallory,Elizabeth Ryan,"4–6, 6–4, 9–7"
1926,Wimbledon Championships,Kathleen Godfree,Lili de Alvarez,"6–2, 4–6, 6–3"
1926,French Championships,Suzanne Lenglen,Mary Browne,"6–1, 6–0"
1926,Australasian Championships,Daphne Akhurst,Esna Boyd,"6–1, 6–3"
1925,U.S. National Championships,Helen Wills,Kathleen McKane,"3–6, 6–0, 6–2"
1925,Wimbledon Championships,Suzanne Lenglen,Joan Fry,"6–2, 6–0"
1925,French Championships,Suzanne Lenglen,Kathleen McKane,"6–1, 6–2"
1925,Australasian Championships,Daphne Akhurst,Esna Boyd,"1–6, 8–6, 6–4"
1924,U.S. National Championships,Helen Wills,Molla B. Mallory,"6–1, 6–3"
1924,Wimbledon Championships,Kathleen McKane,Helen Wills,"4–6, 6–4, 6–4"
1924,Australasian Championships,Sylvia Lance,Esna Boyd,"6–3, 3–6, 8–6"
1923,U.S. National Championships,Helen Wills,Molla B. Mallory,"6–2, 6–1"
1923,Wimbledon Championships,Suzanne Lenglen,Kathleen McKane,"6–2, 6–2"
1923,Australasian Championships,Margaret Molesworth,Esna Boyd,"6–1, 7–5"
1922,U.S. National Championships,Molla B. Mallory,Helen Wills,"6–3, 6–1"
1922,Wimbledon Championships,Suzanne Lenglen,Molla Mallory,"6–2, 6–0"
1922,Australasian Championships,Margaret Molesworth,Esna Boyd,"6–3, 10–8"
1921,U.S. National Championships,Molla B. Mallory,Mary K. Browne,"4–6, 6–4, 6–2"
1921,Wimbledon Championships,Suzanne Lenglen,Elizabeth Ryan,"6–2, 6–0"
1920,U.S. National Championships,Molla B. Mallory,Marion Zinderstein,"6–3, 6–1"
1920,Wimbledon Championships,Suzanne Lenglen,Dorothea Douglass Chambers,"6–3, 6–0"
1919,U.S. National Championships,Hazel Hotchkiss Wightman,Marion Zinderstein,"6–1, 6–2"
1919,Wimbledon Championships,Suzanne Lenglen,Dorothea Douglass Chambers,"10–8, 4–6, 9–7"
1918,U.S. National Championships,Molla Bjurstedt,Eleanor E. Goss,"6–4, 6–3"
1917,U.S. National Championships,Molla Bjurstedt,Marion Vanderhoef,"4–6, 6–0, 6–2"
1916,U.S. National Championships,Molla Bjurstedt,Louise Hammond Raymond,"6–0, 6–1"
1915,U.S. National Championships,Molla Bjurstedt,Hazel Hotchkiss Wightman,"4–6, 6–2, 6–0"
1914,U.S. National Championships,Mary Browne,Marie Wagner,"6–2, 1–6, 6–1"
1914,Wimbledon Championships,Lambert Chambers,Ethel Larcombe,"7–5, 6–4"
1913,U.S. National Championships,Mary Browne,Dorothy Green,"6–2, 7–5"
1913,Wimbledon Championships,Lambert Chambers,Winifred McNair,"6–0, 6–4"
1912,U.S. National Championships,Mary Browne,Eleonora Sears,"6–4, 6–2"
1912,Wimbledon Championships,Ethel Larcombe,Charlotte Cooper Sterry,"6–3, 6–1"
1911,U.S. National Championships,Hazel Hotchkiss,Florence Sutton,"8–10, 6–1, 9–7"
1911,Wimbledon Championships,Lambert Chambers,Dora Boothby,"6–0, 6–0"
1910,U.S. National Championships,Hazel Hotchkiss,Louise Hammond,"6–4, 6–2"
1910,Wimbledon Championships,Lambert Chambers,Dora Boothby,"6–2, 6–2"
1909,U.S. National Championships,Hazel Hotchkiss,Maud Barger-Wallach,"6–0, 6–1"
1909,Wimbledon Championships,Dora Boothby,Agnes Morton,"6–4, 4–6, 8–6"
1908,U.S. National Championships,Maud Barger Wallach,Evelyn Sears,"6–3, 1–6, 6–3"
1908,Wimbledon Championships,Charlotte Cooper Sterry,A. Morton,"6–4, 6–4"
1907,U.S. National Championships,Evelyn Sears,Carrie Neely,"6–3, 6–2"
1907,Wimbledon Championships,May Sutton,Dorothea Douglass Chambers,"6–1, 6–4"
1906,U.S. National Championships,Helen Homans,Maud Barger-Wallach,"6–4, 6–3"
1906,Wimbledon Championships,Dorothea Douglass,May Sutton,"6–3, 9–7"
1905,U.S. National Championships,Elisabeth Moore,Helen Homans,"6–4, 5–7, 6–1"
1905,Wimbledon Championships,May Sutton,Dorothea Douglass,"6–3, 6–4"
1904,U.S. National Championships,May Sutton,Elisabeth Moore,"6–1, 6–2"
1904,Wimbledon Championships,Dorothea Douglass,Charlotte Cooper Sterry,"6–0, 6–3"
1903,U.S. National Championships,Elisabeth Moore,Marion Jones,"7–5, 8–6"
1903,Wimbledon Championships,Dorothea Douglass,Ethel Thomson,"4–6, 6–4, 6–2"
1902,U.S. National Championships,Marion Jones,Elisabeth Moore,"6–1, 1–0, ret"
1902,Wimbledon Championships,Muriel Robb,Charlotte Cooper Sterry,"7–5, 6–1"
1901,U.S. National Championships,Elisabeth Moore,Myrtle McAteer,"6–4, 3–6, 7–5, 2–6, 6–2"
1901,Wimbledon Championships,Charlotte Cooper Sterry,Blanche Bingley Hillyard,"6–2, 6–2"
1900,U.S. National Championships,Myrtle McAteer,Edith Parker,"6–2, 6–2, 6–0"
1900,Wimbledon Championships,Blanche Bingley Hillyard,Charlotte Cooper,"4–6, 6–4, 6–4"
1899,U.S. National Championships,Marion Jones,Maud Banks,"6–1, 6–1, 7–5"
1899,Wimbledon Championships,Blanche Bingley Hillyard,Charlotte Cooper,"6–2, 6–3"
1898,U.S. National Championships,Juliette Atkinson,Marion Jones,"6–3, 5–7, 6–4, 2–6, 7–5"
1898,Wimbledon Championships,Charlotte Cooper,Louise Martin,"6–4, 6–4"
1897,U.S. National Championships,Juliette Atkinson,Elisabeth Moore,"6–3, 6–3, 4–6, 3–6, 6–3"
1897,Wimbledon Championships,Blanche Bingley Hillyard,Charlotte Cooper,"5–7, 7–5, 6–2"
1896,U.S. National Championships,Elisabeth Moore,Juliette Atkinson,"6–4, 4–6, 6–2, 6–2"
1896,Wimbledon Championships,Charlotte Cooper,Alice Pickering,"6–2, 6–3"
1895,U.S. National Championships,Juliette Atkinson,Helen Hellwig,"6–4, 6–2, 6–1"
1895,Wimbledon Championships,Charlotte Cooper,Helen Jackson,"7–5, 8–6"
1894,U.S. National Championships,Helen Hellwig,Aline Terry,"7–5, 3–6, 6–0, 3–6, 6–3"
1894,Wimbledon Championships,Blanche Bingley Hillyard,Edith Austin,"6–1, 6–1"
1893,U.S. National Championships,Aline Terry,Augusta Schultz,"6–1, 6–3"
1893,Wimbledon Championships,Lottie Dod,Blanche Bingley Hillyard,"6–8, 6–1, 6–4"
1892,U.S. National Championships,Mabel Cahill,Elisabeth Moore,"5–7, 6–3, 6–4, 4–6, 6–2"
1892,Wimbledon Championships,Lottie Dod,Blanche Bingley Hillyard,"6–1, 6–1"
1891,U.S. National Championships,Mabel Cahill,Ellen C Roosevelt,"6–4, 6–1, 4–6, 6–3"
1891,Wimbledon Championships,Lottie Dod,Blanche Bingley Hillyard,"6–2, 6–1"
1890,U.S. National Championships,Ellen C. Roosevelt,Bertha L. Townsend,"6–2, 6–2"
1890,Wimbledon Championships,Lena Rice,May Jacks,"6–4, 6–1"
1889,U.S. National Championships,Bertha L. Townsend,Lida D. Voorhes,"7–5, 6–2"
1889,Wimbledon Championships,Blanche Bingley Hillyard,Lena Rice,"4–6, 8–6, 6–4"
1888,U.S. National Championships,Bertha L. Townsend,Ellen Hansell,"6–3, 7–5"
1888,Wimbledon Championships,Lottie Dod,Blanche Bingley Hillyard,"6–3, 6–3"
1887,U.S. National Championships,Ellen Hansell,Laura Knight,"6–1, 6–0"
1887,Wimbledon Championships,Lottie Dod,Blanche Bingley,"6–2, 6–0"
1886,Wimbledon Championships,Blanche Bingley,Maud Watson,"6–3, 6–3"
1885,Wimbledon Championships,Maud Watson,Blanche Bingley,"6–1, 7–5"
1884,Wimbledon Championships,Maud Watson,Lillian Watson,"6–8, 6–3, 6–3[1]"
